NAME,RA,DE,SIGMA_RA,SIGMA_DE
4FGL J0000.3-7355 ,0.0983,-73.922,0.052188043,0.051319182
4FGL J0003.2+2207 ,0.8058,22.1302,0.096721284,0.08715913
4FGL J0003.3+2511 ,0.8323,25.1912,0.09983884,0.092599295
4FGL J0003.6+3059 ,0.9045,30.9898,0.080885954,0.07152918
4FGL J0004.0+5715 ,1.0017,57.2578,0.0671282,0.08486303
4FGL J0004.4-4001 ,1.1184,-40.0251,0.123158656,0.105636306
4FGL J0005.6+6746 ,1.4155,67.7688,0.16153802,0.18574727
4FGL J0006.6+4618 ,1.6697,46.3046,0.06452933,0.05579798
4FGL J0008.4+6926 ,2.1072,69.4409,0.07513376,0.06389021
4FGL J0008.9+2509 ,2.2358,25.1536,0.19703275,0.25122708
4FGL J0009.1-5012 ,2.2962,-50.2107,0.15543695,0.1351326
4FGL J0009.2+6847 ,2.3045,68.7932,0.09733151,0.116129324
4FGL J0009.2+1745 ,2.3077,17.7544,0.14473198,0.11731285
4FGL J0009.7-1418 ,2.4403,-14.3045,0.09162733,0.07087562
4FGL J0017.1-4605 ,4.2973,-46.0848,0.13803506,0.107583396
4FGL J0022.0-5921 ,5.5215,-59.35,0.109060735,0.07836943
4FGL J0023.6-4209 ,5.9073,-42.1579,0.1318638,0.102434255
4FGL J0024.1+2402 ,6.0384,24.0366,0.05718627,0.052644286
4FGL J0025.4-4838 ,6.3673,-48.6386,0.07668267,0.067409344
4FGL J0026.1-0732 ,6.54,-7.5425,0.046490412,0.0472793
4FGL J0031.0-2327 ,7.7564,-23.4581,0.09487652,0.10897848
4FGL J0031.5-5648 ,7.8986,-56.8069,0.09689237,0.10458834
4FGL J0034.6+6438 ,8.6619,64.6393,0.053341515,0.047777545
4FGL J0035.2-1739 ,8.8173,-17.6621,0.050186224,0.04956
4FGL J0037.2-2653 ,9.314,-26.8927,0.11269976,0.10943887
4FGL J0039.1+6257 ,9.7862,62.9603,0.026267206,0.025941357
4FGL J0039.7+4203 ,9.9411,42.0653,0.0759919,0.086880915
4FGL J0041.3+6052 ,10.343,60.8783,0.107992634,0.08740912
4FGL J0041.7-1607 ,10.4382,-16.121,0.05151664,0.053283915
4FGL J0045.9-2021 ,11.486,-20.3654,0.049159426,0.046221223
4FGL J0046.7-7048 ,11.6806,-70.8136,0.07449991,0.071200095
4FGL J0048.6-6347 ,12.1685,-63.7914,0.05104905,0.05367014
4FGL J0052.1+6444 ,13.0433,64.742,0.06447471,0.07175411
4FGL J0055.7+4507 ,13.9397,45.1244,0.050641183,0.04447911
4FGL J0056.7-3935 ,14.1876,-39.5963,0.1543068,0.123085655
4FGL J0057.5+6814 ,14.379,68.236,0.06749048,0.07190081
4FGL J0057.9+6326 ,14.4955,63.4385,0.030479996,0.032439176
4FGL J0058.1+6915 ,14.5467,69.2608,0.07277934,0.0811289
4FGL J0058.3-4603 ,14.5904,-46.056,0.058518715,0.07459598
4FGL J0058.6-1140 ,14.65,-11.6791,0.06301521,0.057123426
4FGL J0059.4-5654 ,14.8643,-56.9089,0.062864184,0.056545082
4FGL J0102.0-6240 ,15.5091,-62.682,0.07932688,0.080638304
4FGL J0102.1+4458 ,15.5452,44.9681,0.08527502,0.07205689
4FGL J0102.3+1000 ,15.5991,10.012,0.058973696,0.057732083
4FGL J0104.6-0818 ,16.1658,-8.3125,0.12116193,0.16582513
4FGL J0110.9+4344 ,17.7264,43.7475,0.056260206,0.05506142
4FGL J0112.0+3442 ,18.0128,34.7027,0.10482502,0.08732999
4FGL J0115.4-2917 ,18.8584,-29.2934,0.051396243,0.05365638
4FGL J0116.8+6914 ,19.2022,69.2415,0.14755777,0.1223717
4FGL J0118.3-6008 ,19.5886,-60.1426,0.11090925,0.115477875
4FGL J0120.1+0505 ,20.0454,5.0911,0.094697505,0.08901598
4FGL J0120.2-7944 ,20.0572,-79.7412,0.057306163,0.06129425
4FGL J0124.6+3155 ,21.1501,31.9207,0.6550488,0.43372273
4FGL J0125.9-6303 ,21.4988,-63.056,0.06988984,0.07167049
4FGL J0126.3-6746 ,21.5898,-67.7763,0.06436827,0.053444326
4FGL J0126.8+2412 ,21.7036,24.21,0.08415941,0.08995801
4FGL J0128.2+4400 ,22.0732,44.0016,0.16919062,0.19515395
4FGL J0128.3+5710 ,22.0835,57.17,0.049319655,0.049691267
4FGL J0130.4-2129 ,22.6226,-21.4998,0.07045029,0.12477162
4FGL J0131.7-5346 ,22.9417,-53.7733,0.047113493,0.047100093
4FGL J0132.1-0956 ,23.0306,-9.9386,0.17418541,0.17049171
4FGL J0137.3-3239 ,24.3481,-32.6508,0.11791603,0.10943816
4FGL J0139.5-2228 ,24.8971,-22.4777,0.07227859,0.070567176
4FGL J0140.3+7054 ,25.0833,70.9042,0.031901743,0.034432095
4FGL J0140.5-4730 ,25.1357,-47.5047,0.0986297,0.09901123
4FGL J0142.5+6650 ,25.6275,66.8341,0.1408269,0.14308776
4FGL J0144.3+5959 ,26.0846,59.9975,0.095372856,0.090278395
4FGL J0147.7-1321 ,26.9263,-13.3662,0.1431425,0.12748301
4FGL J0150.4+4848 ,27.6144,48.814,0.0884594,0.08940289
4FGL J0153.3+5416 ,28.3257,54.2738,0.040938813,0.048505913
4FGL J0154.6+0051 ,28.6607,0.8619,0.057166785,0.071066156
4FGL J0156.3-2420 ,29.0777,-24.3345,0.03759212,0.042017777
4FGL J0158.4+1230 ,29.6173,12.5034,0.6315572,0.82318133
4FGL J0159.0+3313 ,29.7665,33.2175,0.0711819,0.05285942
4FGL J0202.4+2943 ,30.6203,29.7292,0.04883385,0.048744075
4FGL J0204.3-3140 ,31.0751,-31.6713,0.091827475,0.09499747
4FGL J0204.7+6656 ,31.1953,66.9372,0.060407303,0.074513145
4FGL J0206.0-0958 ,31.5185,-9.9692,0.057000313,0.050313164
4FGL J0207.9+2203 ,31.9861,22.0591,0.06394177,0.07216273
4FGL J0207.9+0953 ,31.9967,9.885,0.097943425,0.09887431
4FGL J0209.8+2626 ,32.464,26.4335,0.09876748,0.118113495
4FGL J0211.5+6219 ,32.8999,62.3234,0.07375087,0.08782818
4FGL J0212.1+5321 ,33.0445,53.3507,0.020304121,0.019997818
4FGL J0214.9-3722 ,33.7429,-37.3826,0.18648796,0.2328873
4FGL J0215.0-5330 ,33.7602,-53.5004,0.067521326,0.06628251
4FGL J0222.7+5016 ,35.6853,50.2712,0.05843516,0.052956413
4FGL J0223.5+5415 ,35.8799,54.25,0.0404318,0.049430456
4FGL J0224.8+2937 ,36.2141,29.6292,0.16427852,0.16660526
4FGL J0225.5-5530 ,36.3823,-55.5049,0.055263102,0.06484443
4FGL J0226.9+7744 ,36.7454,77.7402,0.0425951,0.045944948
4FGL J0230.3+1713 ,37.5976,17.2224,0.09157856,0.08740083
4FGL J0231.0+3505 ,37.7745,35.0997,0.08441013,0.16721024
4FGL J0235.3+5650 ,38.8479,56.8478,0.055313606,0.058103066
4FGL J0237.1-0714 ,39.2845,-7.2456,0.064661175,0.063818045
4FGL J0237.3+2000 ,39.3279,20.0013,0.095157936,0.09944581
4FGL J0237.8+5238 ,39.4734,52.6347,0.029588496,0.029311616
4FGL J0238.7+2555 ,39.6991,25.9238,0.09285899,0.07409412
4FGL J0239.1+6634 ,39.784,66.5796,0.10801628,0.124137454
4FGL J0240.2-0248 ,40.0534,-2.8086,0.083104044,0.10604042
4FGL J0245.0+4755 ,41.2659,47.9193,0.08175788,0.07014914
4FGL J0246.0-4838 ,41.5226,-48.6422,0.119599536,0.12490927
4FGL J0251.1-1830 ,42.7835,-18.5093,0.03424394,0.03425613
4FGL J0252.0-3657 ,43.0169,-36.9622,0.104439385,0.07484696
4FGL J0252.3-2707 ,43.0843,-27.1309,0.29002166,0.33221963
4FGL J0257.8+7044 ,44.4628,70.7425,0.07498205,0.0732423
4FGL J0259.0+0552 ,44.7519,5.878,0.03486082,0.035055008
4FGL J0301.2+2546 ,45.3106,25.7753,0.054635156,0.061568823
4FGL J0301.6-5617 ,45.4136,-56.2995,0.06435435,0.06546694
4FGL J0302.5+3354 ,45.6256,33.9013,0.03962043,0.04090222
4FGL J0302.7+5717 ,45.6915,57.288,0.1404728,0.13133983
4FGL J0304.6+6554 ,46.1595,65.9065,0.086472556,0.071336076
4FGL J0308.9-4702 ,47.24,-47.0411,0.043551635,0.044349354
4FGL J0310.9-3458 ,47.728,-34.9797,0.09294449,0.08117839
4FGL J0312.1-0921 ,48.028,-9.3541,0.04643566,0.046677716
4FGL J0312.4-3221 ,48.1095,-32.3555,0.07082444,0.081613235
4FGL J0312.7+2012 ,48.1994,20.2164,0.040579315,0.037263382
4FGL J0313.6-7508 ,48.4162,-75.145,0.12474224,0.14030808
4FGL J0314.1+2827 ,48.5469,28.4522,0.08617276,0.10280558
4FGL J0314.1+5033 ,48.5489,50.5572,0.18269601,0.16903028
4FGL J0314.4-4805 ,48.6211,-48.0848,0.15077256,0.13898955
4FGL J0315.4-2643 ,48.8626,-26.7327,0.046814635,0.048541535
4FGL J0315.5+4231 ,48.8982,42.5332,0.05529213,0.048109055
4FGL J0318.8+2848 ,49.723,28.8077,0.1483916,0.21310851
4FGL J0319.9-3821 ,49.9975,-38.3577,0.19155034,0.16507065
4FGL J0324.8-2043 ,51.2191,-20.7285,0.07574718,0.0724652
4FGL J0327.6+2620 ,51.917,26.3341,0.0480858,0.044935577
4FGL J0328.4-4736 ,52.101,-47.6158,0.0666593,0.056847755
4FGL J0328.5+6114 ,52.143,61.2474,0.23607132,0.88260883
4FGL J0328.6-1129 ,52.1608,-11.4952,0.06627297,0.06332831
4FGL J0330.1+5038 ,52.5476,50.6337,0.05976333,0.065988444
4FGL J0330.7+5845 ,52.687,58.7523,0.18864633,0.18686579
4FGL J0330.7-2408 ,52.6938,-24.147,0.06813326,0.065492444
4FGL J0333.0-3044 ,53.2633,-30.7449,0.062398065,0.0608237
4FGL J0333.4-2705 ,53.3724,-27.086,0.08740857,0.117377475
4FGL J0336.0+7502 ,54.0249,75.05,0.024721816,0.025478855
4FGL J0337.5+2423 ,54.3941,24.3836,0.079732165,0.07849957
4FGL J0338.9-2848 ,54.7447,-28.8009,0.029028384,0.030302528
4FGL J0340.4+5302 ,55.1099,53.0363,0.046260357,0.04911283
4FGL J0341.9+3153 ,55.4852,31.8952,0.11864062,0.07875693
4FGL J0343.3-6303 ,55.8456,-63.0546,0.050048158,0.04925477
4FGL J0346.2+3235 ,56.5696,32.5853,0.0749549,0.07785117
4FGL J0347.0-6400 ,56.7604,-64.0034,0.07840036,0.08839968
4FGL J0355.1-1841 ,58.7773,-18.6928,0.05616136,0.05155485
4FGL J0358.1+2850 ,59.5277,28.8479,0.2120882,0.17244385
4FGL J0359.3+3626 ,59.8321,36.4398,0.15708187,0.16219677
4FGL J0359.4-0236 ,59.853,-2.6019,0.05741751,0.051814772
4FGL J0405.9+3041 ,61.49,30.6925,0.06029579,0.06281264
4FGL J0406.2+0639 ,61.5514,6.6524,0.05789453,0.055559196
4FGL J0407.7-5702 ,61.9327,-57.0359,0.064841986,0.07177199
4FGL J0409.2+2542 ,62.3144,25.7022,0.05473102,0.049894653
4FGL J0409.4-3822 ,62.3546,-38.3672,0.049218364,0.053283043
4FGL J0409.7+4006 ,62.4352,40.1091,0.14277074,0.1855456
4FGL J0413.1-0304 ,63.2979,-3.0761,0.10314925,0.10685063
4FGL J0414.3+4522 ,63.5964,45.3678,0.06403592,0.070580825
4FGL J0414.6+5711 ,63.6698,57.1883,0.037225723,0.03548374
4FGL J0414.7-4300 ,63.6977,-43.012,0.071709156,0.06957799
4FGL J0418.9+6636 ,64.7254,66.6001,0.021964386,0.023556225
4FGL J0423.0-0943 ,65.7512,-9.7194,0.06995701,0.07154682
4FGL J0426.5+5434 ,66.6306,54.5704,0.035992026,0.03361598
4FGL J0427.3+0504 ,66.8294,5.08,0.19260347,0.12186992
4FGL J0427.4+6433 ,66.8725,64.5588,0.22854695,0.20130195
4FGL J0427.8-6704 ,66.9577,-67.0818,0.032062326,0.033077747
4FGL J0427.9+3632 ,66.9813,36.5339,0.15027092,0.23435456
4FGL J0435.5+3232 ,68.8755,32.5492,0.047014333,0.045492664
4FGL J0436.2-0038 ,69.0504,-0.647,0.061481036,0.07935045
4FGL J0436.9+2915 ,69.2464,29.2565,0.043352913,0.045768283
4FGL J0438.0-7329 ,69.5241,-73.4849,0.036441997,0.035749562
4FGL J0438.2-4243 ,69.5524,-42.721,0.083307944,0.0716106
4FGL J0439.6-8322 ,69.9223,-83.3682,0.27471662,0.15649565
4FGL J0442.0-5432 ,70.5081,-54.543,0.07336614,0.072681695
4FGL J0442.8+3609 ,70.7103,36.164,0.08367937,0.08075905
4FGL J0444.8-3514 ,71.2061,-35.2348,0.08346375,0.101941414
4FGL J0445.7+1535 ,71.4362,15.5985,0.15497167,0.19168502
4FGL J0447.2+2446 ,71.8014,24.7701,0.095770605,0.102579124
4FGL J0448.7-2116 ,72.1949,-21.2813,0.09577735,0.09609373
4FGL J0452.9+5117 ,73.2452,51.2857,0.09513611,0.09538513
4FGL J0453.3+2843 ,73.334,28.7304,0.31992927,0.1796109
4FGL J0455.9+6757 ,73.9924,67.9588,0.059946932,0.049820345
4FGL J0456.3-1634 ,74.0782,-16.5759,0.047825098,0.046103906
4FGL J0459.7-5413 ,74.9287,-54.224,0.05482956,0.06051356
4FGL J0500.1+5447 ,75.0353,54.7843,0.12668614,0.10461568
4FGL J0500.9-6945e,75.25,-69.75,,
4FGL J0502.2+3016 ,75.5626,30.2752,0.052239195,0.05453107
4FGL J0506.1+5028 ,76.535,50.4712,0.05819453,0.043107394
4FGL J0506.3-0620 ,76.5982,-6.3367,0.13467032,0.14240228
4FGL J0509.2+5550 ,77.3192,55.8343,0.07323726,0.067048006
4FGL J0509.3-2917 ,77.35,-29.2916,0.08827451,0.114910506
4FGL J0512.3+3329 ,78.0817,33.4844,0.06385469,0.053573396
4FGL J0512.5-2201 ,78.1475,-22.0246,0.07390973,0.0866197
4FGL J0523.3-2527 ,80.8318,-25.4632,0.023368156,0.023540163
4FGL J0524.7-8304 ,81.1816,-83.0725,0.08478037,0.07305567
4FGL J0527.1+1152 ,81.7768,11.874,0.13571483,0.12309079
4FGL J0527.4+6647 ,81.8559,66.7982,0.035961963,0.03316003
4FGL J0529.1-2449 ,82.2775,-24.8232,0.20023456,0.21488452
4FGL J0529.9-0224 ,82.477,-2.4048,0.075043604,0.070452385
4FGL J0530.0-6900e,82.5,-69.0,,
4FGL J0531.7+1241 ,82.945,12.6888,0.12901281,0.15075527
4FGL J0531.8-6639e,82.97,-66.65,,
4FGL J0532.6+3358 ,83.1709,33.9832,0.16209237,0.24623924
4FGL J0533.6+5945 ,83.4175,59.7622,0.05675111,0.053664442
4FGL J0534.0+3746 ,83.5139,37.7713,0.12629873,0.16086605
4FGL J0535.1-5422 ,83.7837,-54.3819,0.09205254,0.10305703
4FGL J0535.3+0934 ,83.8408,9.5824,0.13689998,0.12910002
4FGL J0536.1-1205 ,84.0323,-12.0937,0.092996724,0.07741743
4FGL J0537.5+0959 ,84.3775,9.986,0.104830034,0.090756364
4FGL J0538.9+3549 ,84.7367,35.8283,0.117165275,0.10870487
4FGL J0539.2-6333 ,84.821,-63.5503,0.09478493,0.11816878
4FGL J0540.0-7552 ,85.0064,-75.8782,0.05376305,0.058442067
4FGL J0540.2+0655 ,85.0548,6.9167,0.058759157,0.049448583
4FGL J0540.6+5540 ,85.1745,55.6726,0.08877882,0.07750337
4FGL J0540.7+3611 ,85.1838,36.1997,0.09691322,0.10098734
4FGL J0542.4+3547 ,85.6081,35.7849,0.1515457,0.1332264
4FGL J0543.5-8741 ,85.8936,-87.6861,0.046136647,0.041354332
4FGL J0543.9-0418 ,85.9769,-4.3094,0.08953654,0.07563417
4FGL J0544.4+2238 ,86.1093,22.6418,0.124715,0.087421395
4FGL J0544.8+5209 ,86.217,52.1602,0.14121445,0.123543695
4FGL J0545.7+6016 ,86.4419,60.2704,0.024506288,0.025008239
4FGL J0545.8-0905 ,86.4557,-9.0951,0.037845004,0.03665687
4FGL J0546.5-1100 ,86.6423,-11.0127,0.22609533,0.2966235
4FGL J0550.5-4356 ,87.6293,-43.948,0.03780033,0.041899707
4FGL J0550.9+2552 ,87.7457,25.871,0.11611397,0.108966954
4FGL J0551.7+0446 ,87.9486,4.7782,0.1849853,0.19785492
4FGL J0552.0+2653 ,88.0035,26.8879,0.14314833,0.16419698
4FGL J0553.5+4810 ,88.3975,48.1726,0.18343243,0.19277745
4FGL J0553.6+0100 ,88.4044,1.0138,0.16119397,0.15169717
4FGL J0553.9-5048 ,88.4981,-50.8134,0.057841115,0.060311317
4FGL J0554.0-0839 ,88.5175,-8.6552,0.06229843,0.06450897
4FGL J0554.2-0259 ,88.5634,-2.9864,0.05542616,0.06597902
4FGL J0555.1+0150 ,88.7766,1.8468,0.09405599,0.1149055
4FGL J0557.5-4452 ,89.3777,-44.8696,0.18574736,0.2087742
4FGL J0558.1-2113 ,89.5291,-21.2266,0.05812386,0.061377417
4FGL J0601.0-1016 ,90.257,-10.2782,0.20213121,0.27233103
4FGL J0601.4-6057 ,90.3545,-60.9641,0.0878072,0.08319102
4FGL J0601.8+0445 ,90.4644,4.7642,0.24690354,0.30163246
4FGL J0602.8+6041 ,90.7229,60.6965,0.07663366,0.074639216
4FGL J0609.0+2136 ,92.2501,21.609,0.11903356,0.12252471
4FGL J0609.0+2006 ,92.2546,20.1032,0.13584888,0.14218283
4FGL J0609.5+1402 ,92.3996,14.0395,0.22252867,0.23889448
4FGL J0610.5+2047 ,92.6472,20.7993,0.20387813,0.21842188
4FGL J0610.7+1656 ,92.6761,16.946,0.14641802,0.17889558
4FGL J0610.8-4911 ,92.7142,-49.1837,0.07502059,0.095887505
4FGL J0611.4-4722 ,92.8538,-47.3828,0.081314094,0.124490805
4FGL J0611.5-2918 ,92.8982,-29.308,0.13248977,0.13343714
4FGL J0612.6+1520 ,93.1587,15.342,0.20498274,0.22447492
4FGL J0613.1+1749 ,93.2802,17.8219,0.089845635,0.095172964
4FGL J0614.9+2426 ,93.7394,24.4475,0.053561963,0.056747563
4FGL J0617.6-4028 ,94.4106,-40.4803,0.15089665,0.12753923
4FGL J0618.7+1211 ,94.6958,12.1837,0.19311413,0.18383102
4FGL J0618.9+2240 ,94.7352,22.6748,0.045390725,0.04168743
4FGL J0620.1+2246 ,95.0311,22.783,0.05967488,0.06693908
4FGL J0620.3+3804 ,95.0788,38.0812,0.0565737,0.053439945
4FGL J0620.4+1445 ,95.1083,14.7553,0.13068303,0.10460208
4FGL J0620.7-5034 ,95.1902,-50.574,0.059480492,0.058975518
4FGL J0622.5+3120 ,95.6475,31.3383,0.15645647,0.13026753
4FGL J0624.7-4903 ,96.1997,-49.0567,0.1530516,0.1280699
4FGL J0625.5+7029 ,96.3918,70.4972,0.042598538,0.0390787
4FGL J0629.6+2435 ,97.4084,24.5877,0.055898163,0.04950208
4FGL J0631.0+5626 ,97.7541,56.4494,0.05816199,0.06055562
4FGL J0633.9+5840 ,98.479,58.6801,0.07634156,0.0665788
4FGL J0634.6-3046 ,98.6669,-30.7708,0.21230969,0.21787384
4FGL J0640.9-5204 ,100.243,-52.0719,0.0567225,0.050811507
4FGL J0642.4+1048 ,100.6081,10.8135,0.13986179,0.17773761
4FGL J0642.9-6501 ,100.7261,-65.0237,0.10279397,0.08702444
4FGL J0648.6-3623 ,102.1611,-36.3915,0.19606309,0.12073973
4FGL J0649.3+2230 ,102.3396,22.5059,0.08996448,0.07943276
4FGL J0650.2-5144 ,102.5706,-51.7462,0.036160264,0.036176313
4FGL J0651.9-4330 ,102.9911,-43.5016,0.22206834,0.19611324
4FGL J0652.9+4707 ,103.2355,47.1259,0.100494154,0.079907365
4FGL J0655.4-2631 ,103.8659,-26.524,0.0593003,0.07429977
4FGL J0656.5+4218 ,104.1469,42.3139,0.055518806,0.064483814
4FGL J0657.4-4658 ,104.3598,-46.9802,0.060639802,0.058699016
4FGL J0658.7+2318 ,104.6808,23.3027,0.115874805,0.13459137
4FGL J0700.2-5118 ,105.0731,-51.3134,0.089281015,0.0800212
4FGL J0700.4-4308 ,105.1063,-43.1462,0.1780132,0.21460338
4FGL J0700.6+3558 ,105.1627,35.9739,0.06678332,0.06768565
4FGL J0700.8+1551 ,105.2066,15.8533,0.07691942,0.07281108
4FGL J0701.5-2842 ,105.3881,-28.7126,0.10229233,0.08054149
4FGL J0703.2+6809 ,105.8104,68.151,0.058753334,0.06575398
4FGL J0704.3-4829 ,106.0841,-48.4846,0.0393761,0.038838428
4FGL J0705.8-0004 ,106.457,-0.0687,0.10273747,0.11914775
4FGL J0708.6+1747 ,107.1659,17.7924,0.046670236,0.040863913
4FGL J0709.0+4304 ,107.2562,43.0755,0.04777098,0.045644097
4FGL J0709.1-1034 ,107.295,-10.5693,0.07147713,0.091590784
4FGL J0709.3+0540 ,107.3392,5.6788,0.062581904,0.057242263
4FGL J0712.0-6431 ,108.008,-64.5256,0.07372812,0.07679644
4FGL J0712.5+3311 ,108.1476,33.1893,0.05190676,0.050465222
4FGL J0712.8-5637 ,108.2134,-56.6311,0.17081244,0.22353542
4FGL J0713.5-2555 ,108.3789,-25.9309,0.073862895,0.072902486
4FGL J0715.7-1128 ,108.9266,-11.48,0.21394102,0.15903464
4FGL J0718.8-5004 ,109.7111,-50.0762,0.06378322,0.058926668
4FGL J0722.4-2650 ,110.6138,-26.8441,0.06517176,0.056056857
4FGL J0722.7-2309 ,110.6924,-23.1513,0.15393831,0.14790775
4FGL J0723.1-3048 ,110.7856,-30.8047,0.06049565,0.055403944
4FGL J0724.8+3016 ,111.205,30.2692,0.1146823,0.26971108
4FGL J0725.6-5008 ,111.4152,-50.139,0.042613782,0.04274243
4FGL J0725.7-0549 ,111.4493,-5.8193,0.0341219,0.03399921
4FGL J0727.4+5325 ,111.8687,53.4307,0.18166035,0.15290953
4FGL J0730.1+6852 ,112.5255,68.8799,0.092786096,0.08831984
4FGL J0731.0+6607 ,112.7743,66.1263,0.06312893,0.08287501
4FGL J0731.5-1910 ,112.892,-19.1709,0.16104537,0.16791096
4FGL J0734.3-4448 ,113.5959,-44.8145,0.054577574,0.053189937
4FGL J0736.9-3231 ,114.2396,-32.5303,0.072162665,0.06765404
4FGL J0737.4+6535 ,114.3737,65.5912,0.04337888,0.042340558
4FGL J0738.6+1311 ,114.656,13.1846,0.13515477,0.13066109
4FGL J0739.7+1743 ,114.9486,17.7233,0.08111318,0.10238955
4FGL J0740.4+7300 ,115.1108,73.0061,0.14320852,0.18142812
4FGL J0741.0-5226 ,115.2727,-52.4425,0.05528238,0.057800163
4FGL J0744.0-2525 ,116.0141,-25.432,0.026523974,0.02668181
4FGL J0744.4-1403 ,116.117,-14.0513,0.16872548,0.14522682
4FGL J0744.9-4028 ,116.2485,-40.4675,0.058901347,0.059117526
4FGL J0746.5-4113 ,116.6438,-41.2256,0.05800003,0.06616501
4FGL J0747.2-0736 ,116.8101,-7.6092,0.052573126,0.063871644
4FGL J0747.2+4529 ,116.8224,45.4988,0.124510154,0.13309167
4FGL J0749.0-3904 ,117.267,-39.0709,0.078380235,0.074797474
4FGL J0749.0-2956 ,117.2727,-29.948,0.045571014,0.043730233
4FGL J0749.8-4420 ,117.4688,-44.3445,0.09198749,0.080890045
4FGL J0752.0-2931 ,118.0134,-29.5264,0.089217685,0.09248295
4FGL J0754.9-3953 ,118.7409,-39.8951,0.052640826,0.045086525
4FGL J0755.9-0515 ,118.9794,-5.2618,0.124419846,0.11319834
4FGL J0758.8-1450 ,119.7005,-14.837,0.036817566,0.032792788
4FGL J0800.1-5531 ,120.043,-55.5264,0.071943685,0.089184284
4FGL J0800.5+3715 ,120.1428,37.2589,0.097396664,0.09670957
4FGL J0800.7-1059 ,120.1995,-10.9892,0.072829686,0.07617164
4FGL J0800.9+0733 ,120.2262,7.5509,0.048231017,0.053181473
4FGL J0801.3-0617 ,120.339,-6.2999,0.5383411,1.1840981
4FGL J0802.1-5612 ,120.5456,-56.2012,0.05126837,0.047698684
4FGL J0803.5+2046 ,120.8883,20.7678,0.15956007,0.17955792
4FGL J0805.8-2331 ,121.4651,-23.533,0.06575417,0.048797134
4FGL J0807.3-1954 ,121.8376,-19.916,0.08370575,0.12339609
4FGL J0809.8+0507 ,122.4532,5.1313,0.38941473,0.28097004
4FGL J0811.9+7847 ,122.9948,78.7843,0.139198,0.10724577
4FGL J0813.1-5049 ,123.2868,-50.8241,0.12461731,0.110394105
4FGL J0815.5+6554 ,123.8799,65.9,0.056894396,0.05919061
4FGL J0816.4-0007 ,124.122,-0.122,0.07924856,0.07726576
4FGL J0817.7-5258 ,124.4386,-52.9816,0.21363327,0.22278474
4FGL J0821.5-1436 ,125.3969,-14.6085,0.1251198,0.1214478
4FGL J0824.1-6004 ,126.0494,-60.0827,0.05272143,0.06601016
4FGL J0826.0-0157 ,126.5214,-1.9562,0.0839804,0.082394995
4FGL J0826.1-5053 ,126.5257,-50.8991,0.050450765,0.049449176
4FGL J0827.0-4111 ,126.768,-41.1858,0.038808607,0.04205309
4FGL J0827.6-0059 ,126.903,-0.9966,0.15282455,0.14994566
4FGL J0829.3+3729 ,127.3296,37.4958,0.30908993,0.22039925
4FGL J0829.7+5105 ,127.4324,51.0994,0.05744902,0.06575721
4FGL J0836.0-5458 ,129.024,-54.9698,0.10162027,0.12845093
4FGL J0836.6-6036 ,129.1688,-60.6022,0.07888511,0.076872826
4FGL J0836.9+5833 ,129.2386,58.557,0.080226995,0.066627
4FGL J0838.4-3952 ,129.6142,-39.8762,0.15083236,0.13976532
4FGL J0838.5+4013 ,129.6287,40.224,0.09428743,0.15699294
4FGL J0838.9-2502 ,129.728,-25.0357,0.11652527,0.16404891
4FGL J0840.6-3130 ,130.1515,-31.5001,0.14038825,0.15966702
4FGL J0843.3+6712 ,130.8481,67.2162,0.028490571,0.029669806
4FGL J0844.1-4330 ,131.0335,-43.515,0.12708677,0.12061396
4FGL J0844.9-4117 ,131.2473,-41.2962,0.1596727,0.109267555
4FGL J0848.8-4328 ,132.2109,-43.4731,0.07465862,0.0711138
4FGL J0849.5+2710 ,132.3822,27.1713,0.13256994,0.15960354
4FGL J0850.4-2558 ,132.6184,-25.9744,0.33183888,0.5582044
4FGL J0850.8-4239 ,132.7154,-42.6652,0.17575626,0.16993949
4FGL J0853.1-4407 ,133.2972,-44.128,0.19450833,0.14899446
4FGL J0853.6-4306 ,133.4193,-43.112,0.12212131,0.12307685
4FGL J0854.8-4504 ,133.7035,-45.0722,0.020636013,0.021387728
4FGL J0855.0+0720 ,133.7625,7.3464,0.14259954,0.17147394
4FGL J0855.0-6026 ,133.7701,-60.4449,0.074662976,0.09936343
4FGL J0857.7-4507 ,134.4336,-45.1205,0.11159536,0.08889143
4FGL J0859.2-4729 ,134.8042,-47.4883,0.050539307,0.06001916
4FGL J0859.3-4342 ,134.8271,-43.7125,0.07916242,0.09866994
4FGL J0859.8+0053 ,134.9543,0.8987,0.07412965,0.072035596
4FGL J0900.2-4608 ,135.0508,-46.1347,0.18211828,0.16745098
4FGL J0902.5-4727 ,135.6393,-47.4536,0.06178284,0.052850083
4FGL J0903.5+4057 ,135.8994,40.9621,0.051274154,0.05593212
4FGL J0906.1-1011 ,136.5361,-10.1945,0.059651416,0.053827595
4FGL J0906.8-2122 ,136.7046,-21.3724,0.09837802,0.08407823
4FGL J0910.1-1816 ,137.5335,-18.2684,0.061439473,0.0658793
4FGL J0910.9+6055 ,137.737,60.9243,0.102809966,0.110615574
4FGL J0911.6-4738 ,137.9166,-47.6403,0.05301752,0.052484978
4FGL J0914.5+6845 ,138.6465,68.7514,0.056607172,0.058314316
4FGL J0914.8+5846 ,138.7025,58.7701,0.06781692,0.07758522
4FGL J0916.9+7756 ,139.2391,77.9358,0.06557856,0.06453784
4FGL J0917.9-4755 ,139.4778,-47.9289,0.11091615,0.14242615
4FGL J0919.3+6607 ,139.8421,66.1272,0.06628358,0.061932433
4FGL J0919.5-6203 ,139.8875,-62.0612,0.065424666,0.06727158
4FGL J0924.1-5202 ,141.0428,-52.0462,0.31065425,0.29328558
4FGL J0926.1-5336 ,141.5441,-53.6157,0.06086845,0.066044256
4FGL J0928.4-5256 ,142.1089,-52.9371,0.039271567,0.040936094
4FGL J0930.5+5132 ,142.6325,51.5438,0.056574028,0.0561644
4FGL J0930.9-3030 ,142.7308,-30.5073,0.04462463,0.042981546
4FGL J0931.4-3559 ,142.8531,-35.9974,0.0418829,0.04424786
4FGL J0933.8-6232 ,143.475,-62.5499,0.020698017,0.020502007
4FGL J0934.5+7223 ,143.6443,72.3991,0.1272474,0.15757942
4FGL J0935.3+0901 ,143.8326,9.0305,0.0661617,0.07246192
4FGL J0935.5+1152 ,143.8887,11.8814,0.058300212,0.06376805
4FGL J0937.6-3358 ,144.4138,-33.9785,0.06377333,0.06605948
4FGL J0938.8+5155 ,144.718,51.9192,0.08561543,0.08680841
4FGL J0940.3-7610 ,145.0989,-76.1794,0.04185547,0.04340645
4FGL J0942.5+7620 ,145.63,76.3345,0.109545395,0.08813346
4FGL J0942.7-2028 ,145.6904,-20.4752,0.05816476,0.06546932
4FGL J0944.7-5124 ,146.1862,-51.4094,0.041614003,0.035779953
4FGL J0947.0-3548 ,146.7533,-35.8058,0.2040834,0.18687564
4FGL J0947.8-4234 ,146.9698,-42.5677,0.12155066,0.13549002
4FGL J0948.0-3859 ,147.0152,-38.9992,0.38389218,0.4467639
4FGL J0949.8+7551 ,147.463,75.8638,0.08693895,0.09101202
4FGL J0951.8-3711 ,147.9506,-37.1948,0.4425656,0.55573016
4FGL J0951.9-5946 ,147.987,-59.7761,0.09863019,0.101324156
4FGL J0953.6-1509 ,148.4055,-15.1549,0.034674075,0.03363448
4FGL J0954.2-2520 ,148.5681,-25.3384,0.046441995,0.044012293
4FGL J0955.3-3949 ,148.8467,-39.8206,0.035373222,0.038032036
4FGL J0955.8-4106 ,148.9558,-41.1144,0.29943618,0.26618078
4FGL J0957.6-3051 ,149.4176,-30.866,0.2229935,0.17204094
4FGL J0957.6-5208 ,149.423,-52.1442,0.09586795,0.12520269
4FGL J1002.3-2810 ,150.5849,-28.1737,0.42486843,0.6252711
4FGL J1002.8+2140 ,150.7099,21.6683,0.12900978,0.09966006
4FGL J1004.6-5215 ,151.1689,-52.256,0.08497747,0.119745046
4FGL J1008.2-1000 ,152.0669,-10.0166,0.75406617,0.7033384
4FGL J1011.4-5729 ,152.8603,-57.4922,0.09377572,0.12344118
4FGL J1011.6+3600 ,152.9052,36.0141,0.11467385,0.07753871
4FGL J1014.6+6126 ,153.6576,61.4371,0.09817025,0.07825844
4FGL J1014.7+3210 ,153.6846,32.1733,0.07957028,0.07958563
4FGL J1015.1-6353 ,153.7761,-63.8834,0.070632555,0.073389195
4FGL J1015.5-6030 ,153.897,-60.5024,0.06179996,0.051700063
4FGL J1016.1-4247 ,154.0399,-42.7854,0.03372478,0.036714293
4FGL J1016.2-5729 ,154.0545,-57.4993,0.053734854,0.07107365
4FGL J1017.4+5956 ,154.3722,59.9499,0.06776477,0.09673125
4FGL J1018.1-4051 ,154.5428,-40.8558,0.1378802,0.10466223
4FGL J1018.1-2705 ,154.5489,-27.0945,0.10591558,0.085309856
4FGL J1018.2+0145 ,154.5523,1.7599,0.12073225,0.12236819
4FGL J1018.3-0703 ,154.5952,-7.0623,0.21593463,0.24626964
4FGL J1018.4+2210 ,154.6185,22.172,0.036449753,0.03896044
4FGL J1019.3+5625 ,154.844,56.4189,0.065081306,0.06183716
4FGL J1019.7+0511 ,154.9418,5.1905,0.06030046,0.070258275
4FGL J1020.4-5314 ,155.1161,-53.2458,0.061407987,0.087994434
4FGL J1020.7-3920 ,155.1891,-39.3342,0.06460212,0.06889947
4FGL J1021.8-6308 ,155.4708,-63.1469,0.055664904,0.051573627
4FGL J1026.2-5731 ,156.5683,-57.5316,0.03924991,0.03759901
4FGL J1028.1-3550 ,157.0342,-35.8464,0.06707393,0.058062207
4FGL J1028.4-1539 ,157.1044,-15.6555,0.11970944,0.18632989
4FGL J1029.4-0828 ,157.3616,-8.4669,0.081508175,0.08352039
4FGL J1029.9+7335 ,157.48,73.5871,0.072450615,0.06538921
4FGL J1030.7+6118 ,157.6792,61.3102,0.0816851,0.09158147
4FGL J1035.1-0608 ,158.7775,-6.1406,0.08207893,0.08645844
4FGL J1035.6+4409 ,158.9225,44.1609,0.091482796,0.073821336
4FGL J1036.3-5833e,159.094,-58.563,,
4FGL J1036.5-1809 ,159.1438,-18.1564,0.13748862,0.11241393
4FGL J1036.6-4349 ,159.1507,-43.8239,0.051718775,0.051102914
4FGL J1037.8-5810 ,159.4602,-58.1829,0.06896298,0.06816604
4FGL J1039.2+3258 ,159.8129,32.9748,0.08513115,0.0772558
4FGL J1039.2-2848 ,159.8214,-28.8084,0.093296036,0.07550491
4FGL J1043.0+5316 ,160.7579,53.2717,0.19836998,0.14311938
4FGL J1045.9-2331 ,161.4973,-23.5291,0.06846126,0.07048452
4FGL J1046.7-6010 ,161.6761,-60.1734,0.07218819,0.05245451
4FGL J1047.2+6740 ,161.82,67.6735,0.07007834,0.07583104
4FGL J1048.4-5030 ,162.1067,-50.5132,0.031065814,0.03213355
4FGL J1048.5-5923 ,162.1366,-59.3923,0.043077555,0.044925775
4FGL J1049.8+2741 ,162.4574,27.6846,0.057561822,0.052165575
4FGL J1054.7-6008 ,163.6789,-60.1401,0.042188816,0.036728118
4FGL J1055.6-0719 ,163.9053,-7.3193,0.1384716,0.14839365
4FGL J1055.7-1807 ,163.9488,-18.1208,0.07700235,0.0764153
4FGL J1057.6-4051 ,164.4246,-40.8646,0.044578955,0.047849733
4FGL J1058.4-6625 ,164.6112,-66.4293,0.0364862,0.036218885
4FGL J1058.9-6101 ,164.7402,-61.0269,0.091343164,0.09143909
4FGL J1059.4+2148 ,164.8519,21.8139,0.082972154,0.0650094
4FGL J1059.4+0226 ,164.8693,2.4411,0.057900477,0.063610815
4FGL J1100.0-2044 ,165.017,-20.7439,0.08082051,0.08588071
4FGL J1101.3+7017 ,165.3454,70.2975,0.1146345,0.09713856
4FGL J1102.4+0246 ,165.6245,2.7754,0.14052789,0.11252629
4FGL J1105.1-2600 ,166.2872,-26.0019,0.068342134,0.07541892
4FGL J1105.3-0626 ,166.3455,-6.4483,0.049343724,0.052661628
4FGL J1105.8-0731 ,166.4735,-7.5319,0.049605027,0.05204442
4FGL J1106.2+7303 ,166.5551,73.0516,0.16141486,0.20519318
4FGL J1106.7+3623 ,166.6879,36.3995,0.14632262,0.14397411
4FGL J1106.7-1742 ,166.699,-17.7148,0.0498004,0.051365845
4FGL J1109.1-4853 ,167.278,-48.8967,0.11963878,0.08607648
4FGL J1109.4-6115e,167.362,-61.259,,
4FGL J1109.8+4406 ,167.4603,44.1019,0.123879366,0.124922395
4FGL J1111.4+0137 ,167.8505,1.6291,0.11790343,0.10712722
4FGL J1112.2-6055 ,168.0641,-60.918,0.035354942,0.035136703
4FGL J1113.8+1528 ,168.4575,15.4807,0.07415034,0.07103617
4FGL J1113.9+5523 ,168.4913,55.3964,0.068668395,0.06515169
4FGL J1114.6+1225 ,168.664,12.4184,0.094497345,0.081503086
4FGL J1115.1-6118 ,168.7757,-61.3085,0.026743906,0.02832638
4FGL J1119.9-1007 ,169.986,-10.1288,0.09420811,0.115652256
4FGL J1120.0-2204 ,170.0016,-22.0779,0.022720568,0.022485904
4FGL J1120.1-2645 ,170.0389,-26.7645,0.04155723,0.04029959
4FGL J1122.0-0231 ,170.505,-2.5188,0.1236009,0.09433
4FGL J1122.4-6237 ,170.6085,-62.6325,0.05440234,0.060497906
4FGL J1122.5-1440 ,170.6408,-14.6769,0.09580832,0.08468422
4FGL J1123.2-5111 ,170.8225,-51.1956,0.11632599,0.10220467
4FGL J1123.8-4552 ,170.958,-45.8714,0.059796054,0.050004717
4FGL J1125.2+2557 ,171.3083,25.954,0.1568298,0.18262546
4FGL J1126.0-5007 ,171.5145,-50.1194,0.06141586,0.066785425
4FGL J1127.9-6158 ,171.9945,-61.9807,0.06990552,0.07370664
4FGL J1130.8+1016 ,172.7192,10.2728,0.115061484,0.10058085
4FGL J1139.2-6247 ,174.8191,-62.7915,0.023503128,0.025397107
4FGL J1146.0-0638 ,176.5016,-6.6381,0.03537821,0.033833444
4FGL J1146.0-6822 ,176.5154,-68.3682,0.087007366,0.07726706
4FGL J1150.1-6324 ,177.5374,-63.4023,0.07715664,0.06940716
4FGL J1150.7-4613 ,177.6853,-46.2289,0.053905144,0.048206285
4FGL J1154.5-5952 ,178.6378,-59.8673,0.09423426,0.101875976
4FGL J1155.2-1111 ,178.8195,-11.189,0.042960774,0.045783978
4FGL J1155.6-6245 ,178.9226,-62.7652,0.14159426,0.14798233
4FGL J1157.7-6327 ,179.44,-63.457,0.08597244,0.07891122
4FGL J1158.8-1430 ,179.7088,-14.5011,0.08546125,0.07915499
4FGL J1202.9-5717 ,180.7442,-57.296,0.112702064,0.14909846
4FGL J1203.4-6301 ,180.8559,-63.0331,0.09407235,0.07444362
4FGL J1203.4-6145 ,180.8723,-61.7545,0.14519358,0.07538353
4FGL J1203.5-1748 ,180.8811,-17.8022,0.071026295,0.07817611
4FGL J1203.9-6242 ,180.9843,-62.7095,0.02116404,0.020038052
4FGL J1204.3-6111 ,181.079,-61.1868,0.1436811,0.20611957
4FGL J1204.5-5032 ,181.1483,-50.5456,0.06860679,0.06909999
4FGL J1205.1-5951 ,181.2752,-59.8511,0.06797524,0.071898445
4FGL J1207.4-1840 ,181.8614,-18.6677,0.066366605,0.06683027
4FGL J1207.4-4536 ,181.8734,-45.6125,0.054022852,0.06300961
4FGL J1207.9-6443 ,181.9827,-64.7297,0.05443738,0.057037286
4FGL J1208.0-6900 ,182.0204,-69.0034,0.053499777,0.047142915
4FGL J1208.2+1158 ,182.0697,11.9734,0.056681313,0.056520164
4FGL J1208.5-5512 ,182.145,-55.2062,0.094439894,0.09026498
4FGL J1208.8-1751 ,182.2093,-17.8665,0.13482277,0.13877332
4FGL J1208.8-2754 ,182.2199,-27.9097,0.06717891,0.06352231
4FGL J1209.4-6421 ,182.3744,-64.3518,0.11670475,0.094074726
4FGL J1209.9-5923 ,182.4829,-59.3919,0.15690976,0.20542216
4FGL J1210.4-6250 ,182.6009,-62.8344,0.058599364,0.050600737
4FGL J1210.4-6100 ,182.6165,-61.0098,0.083160765,0.10538694
4FGL J1210.7-6005 ,182.6809,-60.0873,0.24264795,0.17842169
4FGL J1212.2+2442 ,183.0526,24.7128,0.09093348,0.09687557
4FGL J1213.9-4416 ,183.4944,-44.2795,0.04350029,0.046099734
4FGL J1214.5-2318 ,183.6251,-23.3113,0.06697944,0.05921086
4FGL J1214.7-5858 ,183.6829,-58.9711,0.12037444,0.14521575
4FGL J1216.2+0537 ,184.0612,5.6248,0.11635546,0.124288134
4FGL J1216.2-0600 ,184.0628,-6.0052,0.0813138,0.07833209
4FGL J1216.4-1358 ,184.1058,-13.9742,0.055249766,0.053335108
4FGL J1216.8-5955 ,184.2117,-59.9252,0.067335576,0.0854934
4FGL J1217.2-2500 ,184.3207,-25.007,0.115781635,0.10925903
4FGL J1218.6-1049 ,184.6621,-10.8272,0.23559806,0.2399668
4FGL J1219.0+3653 ,184.7684,36.8883,0.17181341,0.11394824
4FGL J1220.1-5558 ,185.0337,-55.9688,0.063732095,0.072875455
4FGL J1220.1-2458 ,185.0473,-24.973,0.04205713,0.049683474
4FGL J1220.5-2745 ,185.1455,-27.7655,0.1154177,0.13153821
4FGL J1221.4-0634 ,185.3701,-6.5831,0.043594293,0.04263377
4FGL J1223.5+0818 ,185.8835,8.3017,0.05590819,0.06544902
4FGL J1224.6+7011 ,186.1736,70.1965,0.08458772,0.10408424
4FGL J1225.9+2951 ,186.4902,29.8596,0.026984822,0.025116319
4FGL J1226.0+5622 ,186.5197,56.3669,0.08942833,0.08489962
4FGL J1226.8-4907 ,186.7212,-49.1265,0.11991005,0.12249858
4FGL J1228.0-6918 ,187.0042,-69.3122,0.067153126,0.06366184
4FGL J1228.3+7521 ,187.0827,75.3527,0.06547263,0.05667084
4FGL J1228.7-0318 ,187.1926,-3.3148,0.06285729,0.06350323
4FGL J1229.5-3048 ,187.382,-30.8094,0.092328526,0.15232219
4FGL J1231.6-5116 ,187.9102,-51.2672,0.044315666,0.04492618
4FGL J1231.6-6511 ,187.9169,-65.1938,0.041435666,0.044212725
4FGL J1233.0+1333 ,188.2598,13.5562,0.07460733,0.06464485
4FGL J1239.7-3455 ,189.9317,-34.9269,0.101071015,0.1076374
4FGL J1243.7+1727 ,190.9301,17.458,0.060831387,0.061800502
4FGL J1244.3-6233 ,191.0798,-62.554,0.03629676,0.033739075
4FGL J1250.8-5424 ,192.7225,-54.4065,0.09747812,0.102563724
4FGL J1250.9-4943 ,192.7265,-49.7203,0.035758644,0.038893312
4FGL J1252.7-2520 ,193.1763,-25.3495,0.18344334,0.15306795
4FGL J1253.8+2929 ,193.468,29.4977,0.079006284,0.08179395
4FGL J1254.7-4516 ,193.6777,-45.2748,0.057235416,0.054180887
4FGL J1256.8+5329 ,194.2059,53.4854,0.08253862,0.081574686
4FGL J1257.0-6339 ,194.2605,-63.6559,0.029588887,0.029372573
4FGL J1258.4+6554 ,194.6141,65.9032,0.07937801,0.08722909
4FGL J1258.5-3406 ,194.6421,-34.1039,0.07323061,0.08764199
4FGL J1259.0-8148 ,194.7625,-81.8163,0.060334373,0.06290004
4FGL J1303.1-4714 ,195.7878,-47.2381,0.076130785,0.07694872
4FGL J1304.4+1203 ,196.1153,12.0616,0.08043363,0.07521895
4FGL J1304.6+0539 ,196.1647,5.6665,0.14109981,0.095700294
4FGL J1306.3-6043 ,196.5873,-60.7199,0.014934027,0.015166573
4FGL J1306.8-4035 ,196.7114,-40.5999,0.043800056,0.045099948
4FGL J1308.7+0347 ,197.1987,3.7842,0.06256068,0.05807937
4FGL J1308.9-5730 ,197.2299,-57.5037,0.07434697,0.0768702
4FGL J1309.1-6223 ,197.2821,-62.3958,0.05570698,0.059354383
4FGL J1309.3+8035 ,197.3325,80.5865,0.19659816,0.18013006
4FGL J1309.6+3718 ,197.4205,37.3098,0.050678123,0.049756687
4FGL J1310.6-3332 ,197.67,-33.5391,0.09758386,0.10645061
4FGL J1312.3-6257 ,198.0953,-62.961,0.06847479,0.062589474
4FGL J1312.6-6231 ,198.1557,-62.5281,0.05976519,0.07630527
4FGL J1315.9-6243 ,198.9996,-62.7237,0.067111745,0.0733509
4FGL J1317.5-0153 ,199.3759,-1.8961,0.123917975,0.120328985
4FGL J1317.5-6316 ,199.3804,-63.2786,0.029403716,0.03589696
4FGL J1318.1-3937 ,199.5303,-39.6323,0.14605464,0.17086701
4FGL J1318.3-1148 ,199.5979,-11.8087,0.13685405,0.19959648
4FGL J1318.9-4556 ,199.7472,-45.9458,0.06043005,0.062285632
4FGL J1320.3-6410 ,200.0883,-64.1726,0.08171603,0.09858368
4FGL J1320.5-6256 ,200.1376,-62.945,0.047459193,0.05048986
4FGL J1320.7+3314 ,200.1854,33.2378,0.11377345,0.099057436
4FGL J1325.3-5413 ,201.3463,-54.2328,0.0528679,0.047635667
4FGL J1326.0+3507 ,201.5008,35.1218,0.08277651,0.08887468
4FGL J1328.4-6231 ,202.1173,-62.5203,0.12716249,0.11869509
4FGL J1329.9-6108 ,202.4874,-61.1406,0.025709162,0.026691182
4FGL J1330.7+2933 ,202.6935,29.5536,0.08490086,0.07176577
4FGL J1334.1-4154 ,203.5478,-41.9151,0.083538055,0.070877165
4FGL J1334.6-4435 ,203.6515,-44.5939,0.07937217,0.07392606
4FGL J1334.8-3856 ,203.7022,-38.9411,0.17075026,0.23808213
4FGL J1335.0-5656 ,203.7679,-56.9471,0.036512975,0.034093447
4FGL J1335.5-4546 ,203.8822,-45.7727,0.07340386,0.07876501
4FGL J1335.6-4052 ,203.9224,-40.8688,0.060675345,0.05354917
4FGL J1336.2+2053 ,204.0663,20.8834,0.060735807,0.073240794
4FGL J1336.5-4655 ,204.1379,-46.9283,0.16297296,0.14738432
4FGL J1338.8-4509 ,204.7189,-45.1639,0.063654356,0.04556383
4FGL J1340.0-1501 ,205.0211,-15.0265,0.03786269,0.03563968
4FGL J1343.5-6827 ,205.8815,-68.4586,0.18461175,0.17152129
4FGL J1345.9-2612 ,206.4815,-26.2116,0.06295169,0.05507001
4FGL J1346.5+5330 ,206.6476,53.5017,0.10070544,0.1162953
4FGL J1347.4+7309 ,206.8557,73.1545,0.23791394,0.21738635
4FGL J1348.5-8700 ,207.1281,-87.013,0.08806074,0.08167617
4FGL J1349.1-5829 ,207.283,-58.4893,0.06634505,0.06499627
4FGL J1350.9-2757 ,207.7332,-27.9534,0.33558917,0.1148994
4FGL J1351.6-6142 ,207.9054,-61.7029,0.04283477,0.0437173
4FGL J1351.9+2847 ,207.9959,28.7964,0.06421471,0.078988075
4FGL J1356.0-6747 ,209.0223,-67.7986,0.2122402,0.18747905
4FGL J1356.6+0234 ,209.1639,2.5773,0.08061003,0.07804631
4FGL J1357.3-6123 ,209.3319,-61.3919,0.09022557,0.083780244
4FGL J1358.0-7749 ,209.5088,-77.8233,0.14833868,0.16714588
4FGL J1358.3-6026 ,209.5981,-60.4444,0.027915563,0.02550336
4FGL J1359.1-1152 ,209.7944,-11.8828,0.04298402,0.058131438
4FGL J1359.9+3616 ,209.9905,36.2826,0.17658697,0.13714157
4FGL J1400.0-2415 ,210.0206,-24.266,0.043834437,0.050758965
4FGL J1400.4-6050 ,210.1174,-60.8483,0.07886778,0.06987679
4FGL J1400.6-1432 ,210.1581,-14.547,0.043014362,0.03989254
4FGL J1401.2-6116 ,210.3073,-61.2701,0.07402482,0.069466375
4FGL J1401.7-3217 ,210.4464,-32.2877,0.13554801,0.0992825
4FGL J1402.7+1306 ,210.6919,13.1072,0.098699026,0.08410117
4FGL J1403.4+4319 ,210.8684,43.3225,0.04061223,0.03699658
4FGL J1403.5-6236 ,210.8793,-62.6042,0.032973185,0.032748424
4FGL J1404.4-6159 ,211.1249,-61.9843,0.08052002,0.08049758
4FGL J1404.8-5237 ,211.2028,-52.6256,0.053376187,0.053026248
4FGL J1405.1-6119 ,211.2982,-61.3321,0.020341769,0.020563621
4FGL J1405.3-0640 ,211.3291,-6.683,0.0851684,0.09108823
4FGL J1405.3-6008 ,211.3371,-60.1455,0.09929171,0.06221324
4FGL J1405.9-1853 ,211.4789,-18.8941,0.045495577,0.042711508
4FGL J1407.4-0820 ,211.873,-8.342,0.10520491,0.121204525
4FGL J1407.7-3017 ,211.9374,-30.2858,0.14392532,0.15842284
4FGL J1408.0+3834 ,212.017,38.5806,0.08949663,0.09952952
4FGL J1408.1-6010 ,212.0293,-60.1678,0.18409537,0.12830305
4FGL J1408.6-2917 ,212.1627,-29.2913,0.11263057,0.12834941
4FGL J1408.7-3747 ,212.183,-37.7889,0.07356127,0.06727228
4FGL J1408.9-5845 ,212.2402,-58.75,0.06623045,0.06965902
4FGL J1409.1-6121e,212.294,-61.353,,
4FGL J1410.7+7405 ,212.6869,74.0899,0.024997476,0.024402583
4FGL J1412.1-6631 ,213.0321,-66.5218,0.043808162,0.045092076
4FGL J1415.2-5550 ,213.8166,-55.8389,0.13596669,0.114395544
4FGL J1415.3-6110 ,213.8394,-61.1766,0.041868776,0.039841764
4FGL J1415.4-6458 ,213.862,-64.9831,0.04438841,0.040180467
4FGL J1415.9-1504 ,213.9885,-15.071,0.11632374,0.09773941
4FGL J1416.7-5023 ,214.1781,-50.3895,0.04902178,0.05429029
4FGL J1417.7-6057 ,214.449,-60.9566,0.03321656,0.032287154
4FGL J1418.2-5400 ,214.5697,-54.0055,0.19098645,0.17850696
4FGL J1418.7-6110 ,214.6977,-61.1757,0.03590741,0.04489408
4FGL J1419.2-6029 ,214.8085,-60.4891,0.06715299,0.067617714
4FGL J1420.7-6701 ,215.1972,-67.0308,0.110314764,0.12913537
4FGL J1420.9-6127 ,215.2409,-61.4602,0.05480769,0.05500107
4FGL J1420.9-2431 ,215.2418,-24.5282,0.058668684,0.057942946
4FGL J1422.3-6059 ,215.5999,-60.9896,0.05162329,0.05432381
4FGL J1422.6+8150 ,215.668,81.8435,0.07690854,0.06868223
4FGL J1424.8-6536 ,216.2107,-65.6149,0.10680154,0.08202147
4FGL J1424.8-8012 ,216.2145,-80.2092,0.098398454,0.110151686
4FGL J1427.8-6051 ,216.9564,-60.8548,0.029125663,0.027726091
4FGL J1429.8-0739 ,217.4512,-7.6506,0.11724927,0.15032254
4FGL J1431.0-4432 ,217.7513,-44.5404,0.048750605,0.048977125
4FGL J1432.2+5051 ,218.0682,50.8596,0.064031824,0.10065289
4FGL J1433.6-6358 ,218.4231,-63.98,0.09746919,0.10518535
4FGL J1435.3+7120 ,218.8465,71.3354,0.093078606,0.12857088
4FGL J1435.7+6148 ,218.9474,61.8054,0.12341403,0.1337811
4FGL J1439.2-5142 ,219.8028,-51.7122,0.08600564,0.0974328
4FGL J1441.4-1934 ,220.3504,-19.5783,0.035399377,0.034702946
4FGL J1442.0+0732 ,220.5209,7.5466,0.12182937,0.10397815
4FGL J1442.1-2800 ,220.5392,-28.0064,0.115816094,0.11996807
4FGL J1442.1-3707 ,220.5404,-37.1309,0.05663254,0.064207844
4FGL J1443.7-0954 ,220.9429,-9.9022,0.15045507,0.16925439
4FGL J1443.7-7037 ,220.946,-70.621,0.07345531,0.066395245
4FGL J1444.1+7601 ,221.0374,76.0296,0.086446576,0.06590175
4FGL J1444.8+3645 ,221.2034,36.7575,0.12080039,0.12489963
4FGL J1444.9-5939 ,221.2473,-59.6581,0.054302067,0.061923392
4FGL J1445.2-1954 ,221.3049,-19.9013,0.08812827,0.105087444
4FGL J1447.4-5757 ,221.8551,-57.9511,0.038865566,0.041302275
4FGL J1449.8-5923 ,222.4642,-59.3885,0.06559541,0.06915014
4FGL J1450.8-1424 ,222.7108,-14.4059,0.074295156,0.06941989
4FGL J1451.6-3726 ,222.9054,-37.446,0.07426124,0.082576565
4FGL J1452.0-4148 ,223.0172,-41.8036,0.091330044,0.07531883
4FGL J1454.3-5551 ,223.5794,-55.8525,0.18105015,0.21248661
4FGL J1454.3-3946 ,223.583,-39.7718,0.097249396,0.117059
4FGL J1454.7+5237 ,223.6774,52.6194,0.08339308,0.074216746
4FGL J1456.3-5419 ,224.0911,-54.3213,0.06507111,0.06653909
4FGL J1456.7-6050 ,224.188,-60.8387,0.03121548,0.032238092
4FGL J1458.8-2120 ,224.7033,-21.3388,0.04546019,0.04245822
4FGL J1500.1-5846 ,225.028,-58.782,0.05016179,0.053260166
4FGL J1500.2+2640 ,225.0561,26.6789,0.16029915,0.1381248
4FGL J1501.0-6310e,225.254,-63.179,,
4FGL J1501.6-5236 ,225.406,-52.6108,0.17563193,0.13229507
4FGL J1502.2-5933 ,225.553,-59.5523,0.09815583,0.06442024
4FGL J1504.6+4343 ,226.1597,43.7222,0.07272463,0.12749268
4FGL J1504.9+2027 ,226.2454,20.4509,0.057680745,0.06524065
4FGL J1505.1-5145 ,226.2877,-51.7552,0.21766086,0.17297563
4FGL J1505.3-5852 ,226.3359,-58.8793,0.08002703,0.08156302
4FGL J1506.5-5708 ,226.636,-57.1474,0.04572249,0.055081338
4FGL J1507.1-1901 ,226.7886,-19.0308,0.18375225,0.14831038
4FGL J1507.3+3341 ,226.8351,33.6865,0.07048663,0.072170384
4FGL J1507.9-6228e,226.984,-62.467,,
4FGL J1510.1-5750 ,227.5473,-57.8467,0.030701203,0.040248428
4FGL J1511.2-5803 ,227.8089,-58.0641,0.051909797,0.05937999
4FGL J1513.0-3118 ,228.2628,-31.3015,0.10438803,0.12515886
4FGL J1513.7-1519 ,228.4445,-15.3331,0.04967608,0.053028837
4FGL J1514.0-6240 ,228.5053,-62.6714,0.26118782,0.40500325
4FGL J1514.8+4448 ,228.7193,44.8105,0.033793308,0.036812264
4FGL J1515.5-4242 ,228.8964,-42.7157,0.117700756,0.10382479
4FGL J1515.6-5817 ,228.9093,-58.2906,0.07412648,0.08019797
4FGL J1516.1+4351 ,229.0493,43.8527,0.08492322,0.10738166
4FGL J1517.7-4446 ,229.428,-44.7767,0.07524613,0.06902261
4FGL J1517.9-5233 ,229.4886,-52.5548,0.02785207,0.028549295
4FGL J1519.7+6727 ,229.9427,67.4581,0.048219576,0.054895207
4FGL J1520.9-3805 ,230.2263,-38.0922,0.069736265,0.069299884
4FGL J1521.5-8057 ,230.3884,-80.9539,0.10181091,0.10809566
4FGL J1523.2+0533 ,230.8241,5.5569,0.045884322,0.046051595
4FGL J1526.3-4501 ,231.5977,-45.0303,0.035217155,0.036793374
4FGL J1526.6-3810 ,231.6594,-38.169,0.068211585,0.071673915
4FGL J1526.6-2743 ,231.6709,-27.7327,0.05821284,0.05759788
4FGL J1527.8+1013 ,231.9709,10.2286,0.0836871,0.09045314
4FGL J1527.9-4943 ,231.9972,-49.7172,0.08022735,0.10713306
4FGL J1528.4+2004 ,232.1167,20.0756,0.04139692,0.042218424
4FGL J1528.5-2240 ,232.1382,-22.6707,0.11404094,0.09367757
4FGL J1529.4-6027 ,232.3669,-60.4583,0.12744014,0.16088907
4FGL J1530.0-1522 ,232.5011,-15.3759,0.08286749,0.08093331
4FGL J1530.5+5850 ,232.6456,58.8352,0.15504847,0.18806273
4FGL J1531.6+0406 ,232.9233,4.1143,0.061068643,0.06397985
4FGL J1532.3-3857 ,233.0766,-38.9617,0.07708821,0.069904655
4FGL J1534.0-5232 ,233.5009,-52.5479,0.04298131,0.037934907
4FGL J1534.3-3312 ,233.58,-33.2022,0.06061125,0.060924195
4FGL J1534.4-6719 ,233.6101,-67.3187,0.0851375,0.09195612
4FGL J1534.7-5842 ,233.6836,-58.7156,0.06014936,0.07684592
4FGL J1535.9+3743 ,233.9826,37.7249,0.043416124,0.040239293
4FGL J1536.8-4327 ,234.2189,-43.4604,0.10736877,0.093279645
4FGL J1537.3-6110 ,234.3341,-61.1771,0.10998031,0.10624524
4FGL J1538.0-4638 ,234.5242,-46.6422,0.08800214,0.08597298
4FGL J1538.2-6201 ,234.5539,-62.0307,0.12999052,0.13694173
4FGL J1538.9+0425 ,234.7345,4.4321,0.08918014,0.076190054
4FGL J1539.1+1008 ,234.7928,10.1345,0.12956482,0.14237837
4FGL J1539.4-3323 ,234.8511,-33.3987,0.021805018,0.022609757
4FGL J1541.2-5201 ,235.3247,-52.0207,0.08023779,0.0699864
4FGL J1542.1-5901 ,235.5369,-59.0235,0.06959175,0.068210624
4FGL J1543.4-5925 ,235.8637,-59.4229,0.11643019,0.09359591
4FGL J1543.6-0244 ,235.9077,-2.7471,0.054938346,0.052551482
4FGL J1544.2-2554 ,236.0523,-25.9125,0.038307708,0.039997745
4FGL J1544.9+3218 ,236.239,32.3035,0.06823786,0.06532591
4FGL J1545.2-4553 ,236.3073,-45.8902,0.071847774,0.109603286
4FGL J1545.6+2839 ,236.4096,28.6614,0.112426154,0.1355654
4FGL J1546.8-3244 ,236.7157,-32.7448,0.061286498,0.070842475
4FGL J1547.3-1531 ,236.8303,-15.5286,0.049840823,0.05448066
4FGL J1547.4-4802 ,236.8501,-48.0393,0.10648431,0.07364471
4FGL J1547.5-5130 ,236.8801,-51.5128,0.06400691,0.051177483
4FGL J1548.1-4416 ,237.0325,-44.283,0.061775792,0.058643006
4FGL J1550.4-5354 ,237.6076,-53.9092,0.053138636,0.04925532
4FGL J1550.6+6027 ,237.6644,60.4616,0.03460045,0.036692634
4FGL J1551.7-4257 ,237.9316,-42.9595,0.09087249,0.10942069
4FGL J1551.9-6015 ,237.9877,-60.252,0.21111038,0.16087992
4FGL J1553.8-5325e,238.456,-53.426,,
4FGL J1554.2+2008 ,238.5533,20.1481,0.038130514,0.041225646
4FGL J1555.2+7103 ,238.8213,71.0615,0.07681813,0.075667314
4FGL J1556.4-6911 ,239.109,-69.1911,0.07858437,0.07667306
4FGL J1557.2+3822 ,239.3144,38.3788,0.08343974,0.09328614
4FGL J1559.7-4518 ,239.9357,-45.3117,0.085267015,0.08293394
4FGL J1602.0-4402 ,240.501,-44.0474,0.05579978,0.051200245
4FGL J1602.2+2305 ,240.5576,23.0969,0.045256753,0.042113137
4FGL J1602.6+4107 ,240.6549,41.1217,0.22278535,0.1935635
4FGL J1603.3-6010 ,240.8445,-60.1747,0.026156599,0.028063012
4FGL J1603.6-0451 ,240.9175,-4.8603,0.07559294,0.1056566
4FGL J1604.4-4927 ,241.1109,-49.4556,0.062305585,0.08961939
4FGL J1606.0-4606 ,241.5106,-46.1061,0.24656436,0.53590316
4FGL J1606.6+1324 ,241.6681,13.4042,0.0817,0.07940001
4FGL J1606.9+5919 ,241.7341,59.3201,0.069690056,0.052678905
4FGL J1608.0+4949 ,242.0136,49.829,0.07494159,0.07255074
4FGL J1608.4+0055 ,242.117,0.9195,0.07171804,0.070397824
4FGL J1608.8-4803 ,242.2228,-48.0587,0.11268555,0.11528741
4FGL J1610.3-5154 ,242.5843,-51.9105,0.09338312,0.092658155
4FGL J1611.6-6013 ,242.9126,-60.2272,0.07748019,0.08380615
4FGL J1611.9-5125 ,242.9829,-51.4209,0.08329994,0.07230007
4FGL J1612.1+1407 ,243.0313,14.1168,0.046540864,0.05393801
4FGL J1612.1-4526 ,243.0427,-45.4358,0.108250216,0.075669646
4FGL J1612.2+2828 ,243.0628,28.4731,0.07111338,0.071908064
4FGL J1612.4+0409 ,243.1102,4.1556,0.100727886,0.09465672
4FGL J1612.4-4419 ,243.1229,-44.3194,0.07797173,0.088495314
4FGL J1613.0-5102 ,243.2707,-51.0458,0.041677404,0.042697594
4FGL J1615.3-1512 ,243.8334,-15.2098,0.088783786,0.078020126
4FGL J1615.5-5434 ,243.892,-54.5804,0.06130782,0.05634689
4FGL J1615.9-4322 ,243.9969,-43.3689,0.081673175,0.08009958
4FGL J1616.6-5341 ,244.1512,-53.6885,0.03380742,0.03375483
4FGL J1616.6-5009 ,244.1575,-50.1507,0.12508318,0.10940334
4FGL J1618.0-5119 ,244.5171,-51.3287,0.07332854,0.04132705
4FGL J1618.3-4537 ,244.5819,-45.6303,0.17182207,0.1748688
4FGL J1619.3-5047 ,244.8449,-50.784,0.10050397,0.10666395
4FGL J1619.4-5106 ,244.8526,-51.1005,0.03474531,0.037280746
4FGL J1619.5-5014 ,244.8768,-50.2496,0.06092857,0.0468551
4FGL J1620.5-5729 ,245.1276,-57.4945,0.08725493,0.0784246
4FGL J1620.8-4958 ,245.2116,-49.9699,0.04668149,0.05323194
4FGL J1620.8-5035 ,245.2214,-50.5906,0.053286687,0.054706305
4FGL J1621.0-2625 ,245.2689,-26.4277,0.12724733,0.17079335
4FGL J1622.0-5157 ,245.5099,-51.9514,0.073901005,0.066933796
4FGL J1622.2-7202 ,245.5525,-72.0399,0.046960328,0.045647867
4FGL J1622.5-4726 ,245.6349,-47.4349,0.08300928,0.06474527
4FGL J1622.7-4934 ,245.6858,-49.574,0.05647182,0.045463983
4FGL J1622.8-4454 ,245.7169,-44.9151,0.054195166,0.054100048
4FGL J1623.0-4624 ,245.7569,-46.4141,0.039902203,0.04669812
4FGL J1623.7-2315 ,245.9273,-23.2556,0.07291915,0.07334519
4FGL J1623.9-6936 ,245.9865,-69.6069,0.04255191,0.043590657
4FGL J1624.1-4941 ,246.043,-49.6901,0.07443512,0.062588766
4FGL J1624.1-4417 ,246.047,-44.2938,0.064513646,0.06319375
4FGL J1624.3-3952 ,246.0999,-39.8667,0.044030428,0.03918382
4FGL J1624.9-4538 ,246.2333,-45.6489,0.094927974,0.12787925
4FGL J1625.3-2338 ,246.3293,-23.6426,0.20109741,0.22760093
4FGL J1626.0-4917 ,246.5083,-49.2838,0.06027573,0.041375436
4FGL J1626.4+1820 ,246.6102,18.3374,0.08660349,0.0916967
4FGL J1626.5-4406 ,246.6427,-44.1031,0.051506102,0.04522059
4FGL J1626.5+6257 ,246.6438,62.9585,0.038610313,0.044103667
4FGL J1626.6-4251 ,246.6531,-42.8615,0.11435789,0.09107606
4FGL J1627.7-5749 ,246.9297,-57.8307,0.07563772,0.06917785
4FGL J1627.7+3219 ,246.94,32.3213,0.042226177,0.040581647
4FGL J1628.0-4920 ,247.0121,-49.3367,0.06948708,0.058902845
4FGL J1628.6-4553 ,247.1524,-45.8965,0.061423227,0.06773802
4FGL J1629.3-4822 ,247.3305,-48.3745,0.08598402,0.07591344
4FGL J1630.1-1049 ,247.5289,-10.8183,0.053653255,0.05246464
4FGL J1630.1-3546 ,247.5332,-35.7829,0.08832018,0.09116438
4FGL J1631.8+4144 ,247.954,41.7495,0.04472856,0.048590597
4FGL J1632.2+0854 ,248.0597,8.9044,0.046354998,0.047355086
4FGL J1632.5+3839 ,248.1308,38.6585,0.061295155,0.05530537
4FGL J1633.8+0701 ,248.4543,7.0309,0.061013415,0.10249202
4FGL J1634.6-4324 ,248.6549,-43.4059,0.11024491,0.048156638
4FGL J1634.7+0235 ,248.6845,2.5838,0.08891802,0.07127914
4FGL J1634.9+1222 ,248.7419,12.3676,0.06682109,0.057807457
4FGL J1635.3+4258 ,248.8458,42.9756,0.059813306,0.055959173
4FGL J1635.4-3249 ,248.8586,-32.829,0.06936119,0.07216473
4FGL J1636.9-4710 ,249.2441,-47.1687,0.04529521,0.04692924
4FGL J1637.5+3005 ,249.3954,30.0874,0.130239,0.13718489
4FGL J1638.0+0042 ,249.5161,0.7013,0.099861234,0.06313901
4FGL J1639.0-2727 ,249.768,-27.4643,0.07236946,0.093459696
4FGL J1639.2-5638 ,249.8034,-56.6438,0.15578918,0.19387558
4FGL J1639.3-5146 ,249.8479,-51.7691,0.016721314,0.01688365
4FGL J1639.8-4642 ,249.9532,-46.7141,0.033365622,0.035451878
4FGL J1640.3-4917 ,250.0776,-49.2887,0.03716904,0.036883365
4FGL J1641.3-2908 ,250.339,-29.1393,0.07920983,0.091919616
4FGL J1641.5+2017 ,250.3791,20.294,0.07259614,0.060125634
4FGL J1643.1+1436 ,250.7777,14.6021,0.4065716,0.30981398
4FGL J1643.3-3148 ,250.8456,-31.8081,0.05151567,0.059900723
4FGL J1644.8+1850 ,251.2048,18.8375,0.070469745,0.10579091
4FGL J1644.8-2154 ,251.2231,-21.9105,0.08168496,0.07598571
4FGL J1644.9-4921 ,251.2319,-49.3642,0.05028591,0.05442883
4FGL J1645.0+1654 ,251.2682,16.9048,0.1342365,0.08617947
4FGL J1645.1-4123 ,251.2909,-41.3995,0.076251455,0.06925265
4FGL J1645.2-5218 ,251.3147,-52.302,0.10518462,0.09443037
4FGL J1646.5-4406 ,251.6251,-44.1036,0.04674419,0.041077986
4FGL J1646.7-2154 ,251.6851,-21.9075,0.07199061,0.07649178
4FGL J1647.0+6040 ,251.7612,60.6674,0.060192063,0.05708202
4FGL J1647.1+6149 ,251.7878,61.8288,0.07222315,0.07588826
4FGL J1648.1-1547 ,252.0274,-15.793,0.041583586,0.042722076
4FGL J1648.7+4834 ,252.1915,48.5671,0.08098895,0.08446922
4FGL J1649.2-4513 ,252.3161,-45.2212,0.1097175,0.07929415
4FGL J1649.3-4441 ,252.3335,-44.6991,0.040552136,0.03545483
4FGL J1649.8-3010 ,252.458,-30.1821,0.039463747,0.03663909
4FGL J1650.9-4420 ,252.7479,-44.3368,0.10529416,0.085478134
4FGL J1651.1-5848 ,252.7792,-58.8145,0.17471935,0.15727888
4FGL J1651.7-7241 ,252.9366,-72.6968,0.059260715,0.064373426
4FGL J1651.7-4359 ,252.9379,-43.9944,0.044824395,0.051178645
4FGL J1652.2-4633e,253.055,-46.556,,
4FGL J1652.2-4516 ,253.066,-45.2823,0.057903413,0.07522051
4FGL J1653.0+3640 ,253.2514,36.6814,0.07816194,0.082247026
4FGL J1653.2-4349 ,253.3011,-43.8243,0.034888286,0.032360587
4FGL J1654.0-3509 ,253.5107,-35.1552,0.060615066,0.09095704
4FGL J1654.2-4907 ,253.5623,-49.1203,0.049671322,0.050848108
4FGL J1654.5-5509 ,253.632,-55.1579,0.53513676,0.44913706
4FGL J1655.5-4737e,253.883,-47.632,,
4FGL J1655.9-3940 ,253.9775,-39.6692,0.045054786,0.05695477
4FGL J1655.9-3101 ,253.998,-31.0227,0.08631591,0.10142263
4FGL J1656.4-0410 ,254.1194,-4.1702,0.047818583,0.051542547
4FGL J1656.5-2733 ,254.1439,-27.5606,0.054978162,0.054473504
4FGL J1656.9-5717 ,254.2494,-57.2879,0.15658988,0.14654809
4FGL J1657.4-3917 ,254.3522,-39.2914,0.0646613,0.080835186
4FGL J1657.7-4656 ,254.4323,-46.9338,0.045587506,0.06646669
4FGL J1657.7-4520 ,254.448,-45.3382,0.045520067,0.036056254
4FGL J1658.3-4637 ,254.5923,-46.6289,0.08184511,0.054918002
4FGL J1659.0-0140 ,254.7655,-1.6775,0.046498727,0.042901386
4FGL J1659.2-1443 ,254.8071,-14.73,0.06509926,0.056112528
4FGL J1659.9-0122 ,254.9791,-1.3722,0.11574787,0.09376713
4FGL J1700.2-4237 ,255.0626,-42.6282,0.13343795,0.15336221
4FGL J1700.3-4557 ,255.0967,-45.9537,0.06922933,0.08697667
4FGL J1700.8-5218 ,255.2066,-52.3127,0.11929146,0.08551256
4FGL J1701.3-4924 ,255.3348,-49.407,0.06944765,0.07401589
4FGL J1701.9-4625 ,255.4959,-46.4318,0.13599834,0.117749535
4FGL J1702.3-2525 ,255.5876,-25.4213,0.052109297,0.046689525
4FGL J1702.5-4803 ,255.6442,-48.0538,0.058496032,0.054451678
4FGL J1702.7-5655 ,255.6945,-56.9283,0.023561297,0.022665072
4FGL J1703.6-2850 ,255.9146,-28.8346,0.045388382,0.039213452
4FGL J1704.8-4030 ,256.2047,-40.5029,0.030931644,0.03417373
4FGL J1705.1-4748 ,256.2845,-47.8142,0.14425118,0.14013599
4FGL J1705.2-3850 ,256.3248,-38.8341,0.0575325,0.061761733
4FGL J1705.4+5436 ,256.3652,54.6015,0.042255525,0.044249423
4FGL J1705.4-4850 ,256.3663,-48.8339,0.116684854,0.10667956
4FGL J1706.2-4950 ,256.564,-49.8384,0.17559393,0.22443664
4FGL J1706.4-4609 ,256.6103,-46.1541,0.08688798,0.08709592
4FGL J1706.4-4649 ,256.6126,-46.8219,0.2555416,0.26977795
4FGL J1706.5-4023 ,256.6436,-40.3847,0.06750695,0.050576214
4FGL J1706.8-4540 ,256.7203,-45.6716,0.07999009,0.07461285
4FGL J1706.8+3004 ,256.7224,30.0673,0.10633808,0.14857277
4FGL J1707.1-1931 ,256.782,-19.5275,0.0698871,0.0648689
4FGL J1707.6-5351 ,256.9131,-53.864,0.06730698,0.060572036
4FGL J1708.8-0923 ,257.2004,-9.3943,0.11654004,0.09767158
4FGL J1709.4-2127 ,257.3557,-21.4564,0.080539495,0.06160868
4FGL J1709.4-0328 ,257.3747,-3.471,0.06105433,0.064995535
4FGL J1709.9-0900 ,257.4834,-9.0144,0.09605557,0.09955933
4FGL J1710.0+4629 ,257.5087,46.4842,0.08060926,0.070053175
4FGL J1710.3-3039 ,257.5791,-30.653,0.054097604,0.05577724
4FGL J1710.3-3943 ,257.5945,-39.7223,0.050343804,0.04323692
4FGL J1710.8+1135 ,257.7106,11.5993,0.23749942,0.2423058
4FGL J1711.0-3002 ,257.77,-30.0487,0.06960957,0.06840607
4FGL J1711.4-2526 ,257.8555,-25.4336,0.06788579,0.098593965
4FGL J1711.9-1922 ,257.9776,-19.3676,0.040214814,0.041094273
4FGL J1712.9-4105 ,258.2366,-41.0954,0.03690067,0.03919938
4FGL J1714.8-1421 ,258.7153,-14.3664,0.08054351,0.0692672
4FGL J1714.8-3346 ,258.719,-33.7775,0.13586245,0.10473605
4FGL J1714.8-3849 ,258.7242,-38.819,0.032741085,0.034028098
4FGL J1714.9-3324 ,258.7381,-33.4135,0.044846095,0.048601735
4FGL J1715.7-4239 ,258.9342,-42.6513,0.06357384,0.059467528
4FGL J1716.1+2309 ,259.0346,23.1552,0.035162278,0.037849892
4FGL J1716.3+3434 ,259.0996,34.5792,0.100635,0.09555897
4FGL J1716.9-4152 ,259.2449,-41.8747,0.06781801,0.06761507
4FGL J1717.0-3218 ,259.2558,-32.3118,0.08365235,0.09092511
4FGL J1717.5-5804 ,259.3784,-58.0706,0.045743804,0.04126239
4FGL J1717.5-4022 ,259.3943,-40.3788,0.059748378,0.060605463
4FGL J1717.6-4404 ,259.4006,-44.0778,0.05984946,0.06767638
4FGL J1717.8+1955 ,259.4536,19.9173,0.06757431,0.062037192
4FGL J1719.0-4221 ,259.7715,-42.3596,0.09750172,0.095601745
4FGL J1719.1-5348 ,259.7793,-53.807,0.047711555,0.05048909
4FGL J1719.4-2916 ,259.8622,-29.2734,0.08565947,0.112388544
4FGL J1720.0-4316 ,260.0084,-43.2707,0.1270032,0.13175428
4FGL J1720.1-4358 ,260.0321,-43.9712,0.056640223,0.06553546
4FGL J1720.6+0708 ,260.1638,7.1469,0.054584384,0.053025234
4FGL J1721.3-5257 ,260.347,-52.9526,0.07825707,0.07394546
4FGL J1721.4+2529 ,260.3528,25.4903,0.24918585,0.2721703
4FGL J1721.4+1131 ,260.3575,11.5288,0.07307081,0.09895796
4FGL J1721.7-3917 ,260.4317,-39.2975,0.04727909,0.046450596
4FGL J1722.1-3205 ,260.5278,-32.0879,0.05403836,0.052643288
4FGL J1722.6-3135 ,260.673,-31.5941,0.08131783,0.084482834
4FGL J1722.8-0418 ,260.7115,-4.3033,0.03862066,0.04099323
4FGL J1723.1-2859 ,260.7958,-28.9957,0.09947824,0.10738427
4FGL J1723.5-0501e,260.885,-5.032,,
4FGL J1723.6-4126 ,260.9038,-41.4471,0.25048468,0.21080287
4FGL J1724.5-3008 ,261.1451,-30.1462,0.089064196,0.06984855
4FGL J1725.1-1924 ,261.2993,-19.4033,0.05160026,0.058112938
4FGL J1725.5+0840 ,261.3838,8.667,0.10499486,0.08690622
4FGL J1726.2-2903 ,261.5527,-29.0508,0.06599013,0.084477946
4FGL J1726.7-3930 ,261.6974,-39.5053,0.08492123,0.10129848
4FGL J1726.8-2659 ,261.7116,-26.999,0.044925835,0.06885317
4FGL J1727.4+0326 ,261.8631,3.4498,0.04990007,0.05349994
4FGL J1727.6-2304 ,261.9084,-23.0735,0.043875523,0.041694947
4FGL J1727.6-0849 ,261.916,-8.8183,0.12315498,0.10733896
4FGL J1727.7-3621 ,261.9461,-36.3561,0.055093087,0.05203031
4FGL J1728.0-3550 ,262.0092,-35.8442,0.10736673,0.09401616
4FGL J1728.1-1610 ,262.0381,-16.167,0.07039982,0.065200195
4FGL J1729.1-3503 ,262.2792,-35.0577,0.0447088,0.045544084
4FGL J1729.4-2831 ,262.3509,-28.5235,0.10946041,0.11144718
4FGL J1729.7-4242 ,262.4354,-42.7039,0.070100024,0.079799995
4FGL J1729.9-4148 ,262.4798,-41.8042,0.041560225,0.03784373
4FGL J1730.1-4343 ,262.5395,-43.727,0.14583246,0.22429167
4FGL J1730.3-2913 ,262.5768,-29.2302,0.052769322,0.075064234
4FGL J1730.4-0359 ,262.6086,-3.9923,0.036797665,0.030802794
4FGL J1730.8-3806 ,262.722,-38.1131,0.06557727,0.056326482
4FGL J1730.8-1123 ,262.7223,-11.3984,0.060395766,0.046405517
4FGL J1731.7-1850 ,262.9257,-18.8342,0.12886225,0.115714215
4FGL J1731.9-2719 ,262.9821,-27.3294,0.03450778,0.039030034
4FGL J1732.0-2659 ,263.0001,-26.989,0.067932785,0.05839758
4FGL J1732.7-2559 ,263.1921,-25.9847,0.10398628,0.11943724
4FGL J1733.2-2915 ,263.3071,-29.2571,0.049947694,0.057973687
4FGL J1733.4+2235 ,263.3688,22.5851,0.08553823,0.08101958
4FGL J1733.6-2431 ,263.4223,-24.518,0.13027856,0.083440684
4FGL J1733.9-2220 ,263.4949,-22.3339,0.1707504,0.18494746
4FGL J1734.0-2933 ,263.5128,-29.5508,0.050717,0.047876783
4FGL J1734.5-2818 ,263.648,-28.3022,0.056377675,0.065391205
4FGL J1735.2-1640 ,263.8013,-16.6667,0.06978941,0.06670449
4FGL J1735.3-0717 ,263.8401,-7.2853,0.0635462,0.051701844
4FGL J1736.1-3422 ,264.0259,-34.3772,0.030846994,0.033356607
4FGL J1736.3-2929 ,264.0929,-29.4868,0.06279972,0.09122935
4FGL J1737.2-2421 ,264.308,-24.3663,0.055166025,0.047970407
4FGL J1737.3-5300 ,264.3313,-53.0084,0.062567845,0.053942043
4FGL J1737.3-3332 ,264.3431,-33.5337,0.060023166,0.062481917
4FGL J1737.6-2350 ,264.4234,-23.8468,0.14426298,0.103576265
4FGL J1738.0+0236 ,264.5065,2.6116,0.099084035,0.10823747
4FGL J1738.1-2453 ,264.5425,-24.8937,0.058647327,0.0772375
4FGL J1738.2+4000 ,264.56,40.0099,0.067657635,0.060649287
4FGL J1738.8-3241 ,264.7037,-32.6886,0.07591222,0.06402332
4FGL J1738.8-3418 ,264.7225,-34.31,0.06573578,0.081491224
4FGL J1739.1-1059 ,264.7836,-10.9948,0.10258818,0.09752408
4FGL J1739.2-2717 ,264.8181,-27.2951,0.07350227,0.06461135
4FGL J1739.3-2531 ,264.8366,-25.5262,0.04735853,0.039290324
4FGL J1739.5-2929 ,264.8775,-29.4858,0.07550064,0.100099534
4FGL J1739.6-3155 ,264.9101,-31.9207,0.25560632,0.2689519
4FGL J1739.7-2836 ,264.9349,-28.6023,0.04486684,0.04136203
4FGL J1740.1-1928 ,265.0306,-19.479,0.13049996,0.14834481
4FGL J1740.4-2850 ,265.1219,-28.8468,0.034887176,0.04823708
4FGL J1740.6-3430 ,265.1579,-34.5103,0.0878726,0.23480138
4FGL J1740.7-6750 ,265.1841,-67.8423,0.13102183,0.13675742
4FGL J1740.7-2640 ,265.1857,-26.677,0.049097504,0.055817608
4FGL J1741.1-3328 ,265.2933,-33.4679,0.07688631,0.07240148
4FGL J1741.2+5739 ,265.3226,57.6587,0.054955263,0.05389267
4FGL J1741.3-3357 ,265.345,-33.9565,0.065964036,0.07404301
4FGL J1741.5-3119 ,265.3781,-31.3302,0.043909475,0.04559088
4FGL J1741.5-2344 ,265.3888,-23.7478,0.116,0.0955
4FGL J1741.6-3917e,265.409,-39.296,,
4FGL J1741.6-2730 ,265.4124,-27.5098,0.11515263,0.07255048
4FGL J1742.5-2833 ,265.6335,-28.5588,0.06521961,0.12411005
4FGL J1742.8-2246 ,265.7245,-22.7718,0.075318284,0.056710556
4FGL J1743.1-3049 ,265.7861,-30.8333,0.050828174,0.044610605
4FGL J1743.4-3123 ,265.8519,-31.3872,0.038548112,0.045474872
4FGL J1743.4-2406 ,265.8676,-24.104,0.06804457,0.068456605
4FGL J1743.6-3341 ,265.9106,-33.6939,0.03723444,0.04379974
4FGL J1743.7-4321 ,265.9441,-43.3542,0.07315829,0.06544123
4FGL J1743.8-3143 ,265.972,-31.7266,0.06356691,0.05144093
4FGL J1743.9-3539 ,265.9811,-35.6644,0.24030747,0.41776612
4FGL J1744.0-1311 ,266.0189,-13.1909,0.04326679,0.04351178
4FGL J1744.7-1557 ,266.1768,-15.9625,0.054170694,0.06019997
4FGL J1744.9-3322 ,266.2336,-33.3722,0.059904978,0.073701866
4FGL J1744.9-2153 ,266.2376,-21.8914,0.071832255,0.083554104
4FGL J1745.3+2338 ,266.3448,23.6343,0.259199,0.21386336
4FGL J1745.6-3626 ,266.4139,-36.4383,0.048348796,0.062130142
4FGL J1745.8-3028e,266.453,-30.475,,
4FGL J1746.0-3123 ,266.5047,-31.3939,0.092292584,0.07910866
4FGL J1746.1-2541 ,266.5481,-25.6881,0.053997833,0.05060231
4FGL J1746.5-2019 ,266.6262,-20.3277,0.0594252,0.08517403
4FGL J1747.0-3505 ,266.7709,-35.0989,0.049124215,0.046971705
4FGL J1747.6+0324 ,266.9051,3.4073,0.04552524,0.041637275
4FGL J1747.7-2141 ,266.9399,-21.6897,0.07191722,0.0649058
4FGL J1747.8-0316 ,266.9612,-3.2704,0.042887326,0.046319302
4FGL J1747.9-3224 ,266.9845,-32.4126,0.04895394,0.05636667
4FGL J1748.2-1942 ,267.0713,-19.7065,0.04600793,0.049005616
4FGL J1748.3-2906 ,267.0955,-29.1061,0.032812513,0.031045433
4FGL J1748.4+1601 ,267.1086,16.0221,0.16207947,0.16276371
4FGL J1749.0-2327 ,267.2518,-23.4554,0.15042849,0.08832191
4FGL J1749.6-3143 ,267.4026,-31.7249,0.0670585,0.064740695
4FGL J1749.8-0303 ,267.4622,-3.0518,0.04942235,0.051178433
4FGL J1750.0-3849 ,267.5082,-38.8182,0.23807375,0.15704806
4FGL J1750.4-1721 ,267.6032,-17.3606,0.09687255,0.10235099
4FGL J1750.6-1906 ,267.6644,-19.1101,0.049300607,0.056699477
4FGL J1750.8-4405 ,267.7138,-44.0995,0.07603245,0.08531634
4FGL J1750.9-3301 ,267.7298,-33.0201,0.059029013,0.064101145
4FGL J1751.6-1750 ,267.9064,-17.838,0.049903303,0.05039673
4FGL J1752.0+3606 ,268.017,36.1165,0.07343165,0.07742696
4FGL J1752.3-2914 ,268.0772,-29.2492,0.050322443,0.04669113
4FGL J1752.3-3139 ,268.0844,-31.6521,0.05402742,0.055900346
4FGL J1752.7-3040 ,268.1882,-30.6755,0.067831166,0.094341055
4FGL J1752.8-4449 ,268.218,-44.8251,0.0447919,0.044532407
4FGL J1753.3-3325 ,268.3497,-33.4169,0.065448895,0.06775959
4FGL J1753.8-2538 ,268.4601,-25.6402,0.015533817,0.015183891
4FGL J1753.9+2443 ,268.4956,24.7297,0.043823816,0.0392835
4FGL J1754.1-4333 ,268.545,-43.5645,0.03161837,0.03068434
4FGL J1754.3-4443 ,268.5755,-44.7281,0.06380008,0.065541126
4FGL J1754.3-2914 ,268.5889,-29.2427,0.08987091,0.05736055
4FGL J1754.3-3236 ,268.5926,-32.6017,0.16629855,0.13660178
4FGL J1754.6-2933 ,268.6631,-29.5518,0.05704328,0.0425566
4FGL J1754.8-3200 ,268.7033,-32.0007,0.06457727,0.05768845
4FGL J1755.9-4009 ,268.9762,-40.1513,0.11447729,0.08576405
4FGL J1756.3+0236 ,269.0883,2.6144,0.14686269,0.13142373
4FGL J1757.1-3554 ,269.2838,-35.9003,0.08115416,0.09526265
4FGL J1757.4-3125 ,269.3539,-31.4187,0.059177697,0.05287949
4FGL J1757.6-2731 ,269.4012,-27.5282,0.10397708,0.10195694
4FGL J1757.7-6032 ,269.4489,-60.5374,0.031861,0.036448553
4FGL J1758.0-2953 ,269.5105,-29.8893,0.06309384,0.050607685
4FGL J1758.3-1920 ,269.5962,-19.3434,0.06830175,0.0687502
4FGL J1758.7-4109 ,269.6967,-41.1528,0.034699854,0.03400016
4FGL J1759.0-0107 ,269.7656,-1.1196,0.20039506,0.20456587
4FGL J1759.1-3849 ,269.7931,-38.8217,0.041025404,0.04107611
4FGL J1759.2-0243 ,269.8046,-2.7288,0.18432726,0.19439052
4FGL J1759.7-2354 ,269.9463,-23.9033,0.04754807,0.038185745
4FGL J1759.8-1250 ,269.9584,-12.8388,0.058255203,0.060956642
4FGL J1800.1-0323 ,270.0415,-3.3975,0.069092475,0.06798023
4FGL J1800.2-2952 ,270.0534,-29.8714,0.10310312,0.090984866
4FGL J1800.2-2403 ,270.0612,-24.0657,0.0393191,0.035015114
4FGL J1800.5-2910 ,270.1254,-29.1735,0.056124337,0.0663499
4FGL J1800.9-2407 ,270.2354,-24.1333,0.030808171,0.03612349
4FGL J1801.0-2802 ,270.2621,-28.0393,0.06664944,0.061155155
4FGL J1801.1-2626 ,270.2922,-26.4398,0.04029314,0.0434484
4FGL J1801.4-4307 ,270.3523,-43.1304,0.16920763,0.10875964
4FGL J1801.8-2358 ,270.4545,-23.9827,0.035107426,0.032145284
4FGL J1802.1-2652 ,270.5438,-26.8714,0.068359986,0.07280359
4FGL J1802.4+3634 ,270.6035,36.5773,0.11592857,0.12953213
4FGL J1802.4-3041 ,270.6147,-30.6992,0.035951287,0.02975895
4FGL J1802.8-4719 ,270.7166,-47.3182,0.0927901,0.0885948
4FGL J1803.1-2724 ,270.7803,-27.4164,0.06228491,0.09185074
4FGL J1803.1-6708 ,270.791,-67.1347,0.030903596,0.03449678
4FGL J1803.2+1402 ,270.8012,14.0361,0.07224641,0.08255941
4FGL J1803.3+2425 ,270.8352,24.4275,0.17370443,0.14283693
4FGL J1803.5-1639 ,270.8869,-16.6559,0.15886663,0.18284401
4FGL J1803.7-3207 ,270.9293,-32.123,0.082912005,0.0686325
4FGL J1803.8-2908 ,270.9612,-29.1462,0.09082208,0.09207977
4FGL J1804.0-1124 ,271.0034,-11.4027,0.18375255,0.13729906
4FGL J1804.4-0852 ,271.1182,-8.8694,0.035692587,0.03827596
4FGL J1804.9-1745 ,271.2358,-17.7571,0.16896367,0.10086088
4FGL J1805.1-3618 ,271.2765,-36.306,0.04661688,0.05089919
4FGL J1805.7+3401 ,271.4265,34.031,0.06888536,0.077647775
4FGL J1806.1-3344 ,271.5411,-33.7365,0.10577502,0.11883527
4FGL J1806.2-1347 ,271.5611,-13.7934,0.121135175,0.079041585
4FGL J1806.9-2824 ,271.7449,-28.4158,0.039900616,0.046777565
4FGL J1807.1+2822 ,271.7938,28.3675,0.20057394,0.17993708
4FGL J1808.1-1234 ,272.0457,-12.5753,0.10153747,0.10816485
4FGL J1808.2-2028e,272.05,-20.48,,
4FGL J1808.2-1055 ,272.0582,-10.9222,0.13516928,0.108227514
4FGL J1808.4-3358 ,272.1018,-33.9817,0.04592282,0.0456371
4FGL J1808.4-4521 ,272.104,-45.3576,0.11248799,0.0949795
4FGL J1808.4-3522 ,272.1188,-35.3735,0.05286796,0.055340033
4FGL J1808.5-3701 ,272.1268,-37.0306,0.05371217,0.054592066
4FGL J1809.0-2853 ,272.2693,-28.8861,0.10918746,0.098508164
4FGL J1809.2-2726 ,272.3076,-27.4456,0.06974547,0.06965967
4FGL J1810.2-3054 ,272.5536,-30.9059,0.13696824,0.10257908
4FGL J1810.3+1332 ,272.5977,13.5487,0.07210206,0.089998364
4FGL J1810.5-1415 ,272.6326,-14.2605,0.086619794,0.09253898
4FGL J1810.8-3347 ,272.7101,-33.7987,0.083000526,0.08483776
4FGL J1811.0-2725 ,272.7643,-27.422,0.06871099,0.062361043
4FGL J1811.7-1442 ,272.9257,-14.7042,0.1896603,0.21226875
4FGL J1811.9-2336 ,272.9924,-23.6133,0.08308742,0.0671292
4FGL J1812.2-0856 ,273.0746,-8.9474,0.17454986,0.103051685
4FGL J1812.8-3144 ,273.2195,-31.7438,0.037447833,0.03345848
4FGL J1812.9+4249 ,273.245,42.8261,0.08312176,0.09434286
4FGL J1813.2-1128 ,273.3029,-11.4807,0.070646815,0.08682079
4FGL J1813.5+2819 ,273.3922,28.3263,0.07407652,0.055278577
4FGL J1813.7-1152 ,273.4476,-11.8736,0.05486712,0.052073885
4FGL J1813.7-6846 ,273.4481,-68.7785,0.066311195,0.05564814
4FGL J1814.2-1012 ,273.5617,-10.214,0.1129284,0.12197371
4FGL J1814.2-3000 ,273.5724,-30.0104,0.084922194,0.0944336
4FGL J1814.4+3132 ,273.6207,31.5436,0.052937593,0.04656106
4FGL J1814.6-2537 ,273.6741,-25.6214,0.0714195,0.10798712
4FGL J1814.7-3420 ,273.6906,-34.3412,0.05751146,0.058904946
4FGL J1815.1+5917 ,273.7992,59.299,0.17496145,0.15513124
4FGL J1815.2-2715 ,273.8131,-27.2574,0.0486505,0.045790926
4FGL J1815.3-1336 ,273.8467,-13.6052,0.12874895,0.11300073
4FGL J1815.8-1416 ,273.9708,-14.275,0.065617464,0.062386934
4FGL J1816.3-2903 ,274.0812,-29.0526,0.15692365,0.1782433
4FGL J1816.4-0057 ,274.1056,-0.9564,0.08196002,0.109678864
4FGL J1816.4-2727 ,274.1061,-27.4563,0.053453844,0.077922955
4FGL J1816.4-6405 ,274.115,-64.085,0.053573806,0.05477606
4FGL J1816.5-1208 ,274.1329,-12.1448,0.05194877,0.0687143
4FGL J1816.7+1749 ,274.1877,17.8279,0.049218163,0.052683037
4FGL J1817.2-3035 ,274.3076,-30.5842,0.047473766,0.039731372
4FGL J1817.6-3251 ,274.4098,-32.8557,0.120998934,0.12551667
4FGL J1817.9-3334 ,274.4799,-33.5727,0.06223205,0.063389525
4FGL J1817.9-1135 ,274.4876,-11.5966,0.05765219,0.073075816
4FGL J1818.0-1339 ,274.5187,-13.6527,0.14980441,0.12576266
4FGL J1818.1-2000 ,274.5329,-20.0161,0.041079216,0.040550563
4FGL J1818.3-1233 ,274.5775,-12.5538,0.06852943,0.10461414
4FGL J1818.5+2533 ,274.6472,25.5566,0.13451867,0.11679374
4FGL J1818.6+1316 ,274.6527,13.2731,0.04801701,0.045088556
4FGL J1818.6-1533 ,274.6579,-15.5615,0.042254817,0.05243425
4FGL J1818.6-3206 ,274.6691,-32.1096,0.11004926,0.09717927
4FGL J1818.8-0828 ,274.7211,-8.4668,0.055805597,0.06809541
4FGL J1819.4-1102 ,274.8637,-11.0364,0.14709942,0.10529812
4FGL J1819.9-1300 ,274.9789,-13.0055,0.12725022,0.119661115
4FGL J1819.9-2926 ,274.9899,-29.4391,0.07988817,0.08138869
4FGL J1819.9-1530 ,274.99,-15.5028,0.060690295,0.047725666
4FGL J1820.7-3217 ,275.1909,-32.2907,0.06588607,0.078547984
4FGL J1821.6+6636 ,275.414,66.6093,0.052515116,0.058807846
4FGL J1822.6-2502 ,275.6632,-25.0404,0.097006656,0.116094455
4FGL J1822.8-1118 ,275.7115,-11.3127,0.07806911,0.08928418
4FGL J1822.9-4718 ,275.7362,-47.3047,0.05160184,0.05141372
4FGL J1823.2+1209 ,275.812,12.1573,0.09654895,0.08863606
4FGL J1823.3-1340 ,275.8363,-13.6676,0.016291248,0.016008914
4FGL J1823.8-3544 ,275.9677,-35.7402,0.053903896,0.066096835
4FGL J1824.2+1231 ,276.0646,12.5302,0.14992896,0.104202315
4FGL J1824.2-0621 ,276.0679,-6.3576,0.023120157,0.023004094
4FGL J1824.2-5427 ,276.0704,-54.4514,0.03994711,0.04257698
4FGL J1824.5+0107 ,276.125,1.1251,0.057334192,0.07133526
4FGL J1824.7+2403 ,276.1869,24.0648,0.06504908,0.06336228
4FGL J1825.9-3153 ,276.4817,-31.8963,0.09284965,0.073763445
4FGL J1825.9-5614 ,276.4956,-56.2465,0.13733694,0.12987359
4FGL J1826.2-2830 ,276.5702,-28.5161,0.29451793,0.20904179
4FGL J1826.5-1202 ,276.6486,-12.0484,0.10073934,0.13517855
4FGL J1827.2+4303 ,276.813,43.0648,0.06576136,0.06521482
4FGL J1827.5+2015 ,276.8781,20.2526,0.062184665,0.06563146
4FGL J1827.5+1141 ,276.8786,11.6863,0.04147579,0.042293366
4FGL J1828.0+2634 ,277.0215,26.5718,0.06705947,0.062459245
4FGL J1828.1-1312 ,277.0276,-13.2019,0.08065864,0.07667827
4FGL J1828.2-3252 ,277.0562,-32.8696,0.06407073,0.08240292
4FGL J1829.6-2545 ,277.4102,-25.755,0.12695001,0.113049634
4FGL J1829.6-4310 ,277.4165,-43.1759,0.17832823,0.159175
4FGL J1830.0-1515 ,277.521,-15.2576,0.0719732,0.08533339
4FGL J1830.1-0212 ,277.5262,-2.2129,0.12191692,0.11273649
4FGL J1830.1-1440 ,277.5356,-14.6767,0.03843918,0.038386844
4FGL J1830.7-1634 ,277.6763,-16.5701,0.02769477,0.028617648
4FGL J1830.7-2356 ,277.6784,-23.9352,0.12713107,0.16852312
4FGL J1830.8-3132 ,277.7033,-31.5364,0.036600012,0.039441843
4FGL J1831.1-6503 ,277.7773,-65.0659,0.03571105,0.036190756
4FGL J1831.6-0223 ,277.9135,-2.3911,0.07143748,0.08399862
4FGL J1832.4-0152 ,278.1028,-1.8762,0.08021683,0.101428896
4FGL J1833.0-3840 ,278.2605,-38.6702,0.103232555,0.0787465
4FGL J1834.2-0827 ,278.5715,-8.4585,0.06100329,0.06398226
4FGL J1834.3+0613 ,278.5757,6.2256,0.07905045,0.097553715
4FGL J1834.7-0724 ,278.6833,-7.4131,0.046505272,0.05861663
4FGL J1834.9-0800 ,278.7436,-8.0042,0.080238834,0.10096485
4FGL J1834.9-2819 ,278.748,-28.317,0.08805496,0.08004163
4FGL J1835.3-2439 ,278.8427,-24.6593,0.11312979,0.10376007
4FGL J1836.5+1948 ,279.1259,19.8109,0.0613765,0.048167065
4FGL J1836.8-2354 ,279.2112,-23.9067,0.10233819,0.15681612
4FGL J1836.9+4439 ,279.2389,44.6604,0.050736796,0.046906047
4FGL J1837.3+1052 ,279.3296,10.8785,0.06835626,0.06358956
4FGL J1838.0-0516 ,279.5128,-5.277,0.122095555,0.08340653
4FGL J1838.1-3352 ,279.5404,-33.8689,0.075558044,0.077099696
4FGL J1838.2+3223 ,279.5692,32.3996,0.064500056,0.06899994
4FGL J1838.4-0630 ,279.6026,-6.5166,0.04364459,0.039998498
4FGL J1838.4-0545 ,279.613,-5.7626,0.049263522,0.052887104
4FGL J1838.5+3837 ,279.6405,38.6168,0.1377939,0.13050647
4FGL J1839.0-1502 ,279.7693,-15.0487,0.061049923,0.0832445
4FGL J1840.4-1705 ,280.1011,-17.093,0.059201792,0.06424116
4FGL J1840.4-1139 ,280.1065,-11.651,0.0624313,0.049229894
4FGL J1841.3-4442 ,280.3387,-44.7001,0.11512386,0.14852674
4FGL J1841.6+7113 ,280.4207,71.2271,0.075055175,0.09012287
4FGL J1842.1+2737 ,280.5378,27.6248,0.051440798,0.046777073
4FGL J1842.2-0328 ,280.5584,-3.4824,0.073406614,0.08411736
4FGL J1843.3-1242 ,280.8398,-12.7131,0.046592645,0.062857665
4FGL J1843.7-0326 ,280.9314,-3.437,0.03663977,0.03556582
4FGL J1843.8-2011 ,280.9592,-20.1961,0.09656502,0.1027066
4FGL J1844.8-0957 ,281.2036,-9.9541,0.072538316,0.06700331
4FGL J1844.8-3248 ,281.2105,-32.8055,0.04720074,0.049099293
4FGL J1845.0+0159 ,281.2651,1.9969,0.07071798,0.07557969
4FGL J1845.8-2521 ,281.4648,-25.3585,0.049460873,0.05403954
4FGL J1846.0+0507 ,281.5075,5.1278,0.043519538,0.04046011
4FGL J1846.9-0247 ,281.7396,-2.7998,0.12612893,0.10022349
4FGL J1847.0-0625 ,281.7602,-6.4179,0.065815054,0.08088454
4FGL J1847.2-0141 ,281.8114,-1.6924,0.072199605,0.051169697
4FGL J1847.2-0200 ,281.8241,-2.0164,0.049114604,0.044349138
4FGL J1847.6+5219 ,281.9079,52.3295,0.07677639,0.070734404
4FGL J1847.7-3433 ,281.9424,-34.5661,0.08257817,0.079213545
4FGL J1848.2-0016 ,282.0676,-0.2709,0.096576504,0.08384247
4FGL J1848.7-6307 ,282.1787,-63.1262,0.052893892,0.051006336
4FGL J1849.4-0117 ,282.3577,-1.2989,0.06532003,0.08500085
4FGL J1850.2-0201 ,282.5732,-2.0257,0.08237593,0.12363438
4FGL J1850.8-1105 ,282.7052,-11.0882,0.08898563,0.12666021
4FGL J1851.5+0718 ,282.8878,7.3111,0.06314028,0.063961826
4FGL J1852.2-1309 ,283.0739,-13.1595,0.051521905,0.05761374
4FGL J1852.6+0203 ,283.1639,2.06,0.055773105,0.05966725
4FGL J1853.2-0922 ,283.3206,-9.3811,0.10938237,0.10623586
4FGL J1853.3-2447 ,283.3496,-24.7971,0.10086606,0.17064832
4FGL J1853.6-0620 ,283.4242,-6.346,0.08887524,0.07650093
4FGL J1853.8-1107 ,283.4699,-11.1234,0.06718038,0.09566068
4FGL J1854.3-3640 ,283.5982,-36.6798,0.0696823,0.0701007
4FGL J1854.7+0153 ,283.6951,1.8935,0.079633445,0.10433179
4FGL J1855.2+0756 ,283.8124,7.947,0.069395885,0.122721076
4FGL J1855.2+0456 ,283.8159,4.9427,0.060891755,0.07300304
4FGL J1855.3-0740 ,283.831,-7.6775,0.13801914,0.145717
4FGL J1855.6-3603 ,283.9149,-36.0611,0.11249158,0.12165564
4FGL J1855.8+0150 ,283.9576,1.8432,0.045454934,0.061144818
4FGL J1856.1-1222 ,284.0329,-12.3751,0.042682227,0.040603545
4FGL J1856.5+1735 ,284.1387,17.5999,0.06471908,0.06669552
4FGL J1857.1+0056 ,284.2987,0.946,0.034115188,0.035919838
4FGL J1857.4+0106 ,284.358,1.1129,0.039949276,0.037125945
4FGL J1857.8-3220 ,284.4559,-32.3461,0.06341661,0.07514588
4FGL J1858.0+0354 ,284.5188,3.9128,0.03723088,0.04157237
4FGL J1858.0-1052 ,284.5196,-10.8691,0.10590747,0.09382041
4FGL J1858.1-1821 ,284.5268,-18.3569,0.053869817,0.054011893
4FGL J1858.3-5424 ,284.576,-54.4123,0.059580646,0.06362694
4FGL J1858.3-1318 ,284.5791,-13.3135,0.13533114,0.10583959
4FGL J1858.5-4446 ,284.6407,-44.7718,0.069230735,0.0767723
4FGL J1858.9+3636 ,284.7332,36.6141,0.123019114,0.14541396
4FGL J1859.0+2329 ,284.7715,23.4993,0.051281694,0.048824564
4FGL J1859.2-0706 ,284.8006,-7.1136,0.05924813,0.059353348
4FGL J1859.3+0058 ,284.8326,0.9801,0.069862075,0.060537443
4FGL J1859.8+1545 ,284.9748,15.7659,0.07603454,0.099270746
4FGL J1900.4-4941 ,285.1211,-49.6863,0.077724114,0.08062235
4FGL J1900.4+0339 ,285.124,3.664,0.03993106,0.047228284
4FGL J1900.7+0426 ,285.1922,4.4415,0.09233956,0.09099701
4FGL J1900.9+0538 ,285.2258,5.6362,0.07687715,0.09255223
4FGL J1901.1+0730 ,285.2949,7.5048,0.038503945,0.042696446
4FGL J1901.5-2208 ,285.3839,-22.1343,0.07074332,0.07271886
4FGL J1901.5-1112 ,285.3964,-11.2002,0.051588494,0.057767443
4FGL J1901.8-0718 ,285.4566,-7.3045,0.062217638,0.056214023
4FGL J1902.2+0448 ,285.5726,4.8081,0.083487034,0.104492076
4FGL J1902.4-3417 ,285.6055,-34.2971,0.10075338,0.11741043
4FGL J1902.5+0654 ,285.6439,6.9099,0.03651165,0.0335279
4FGL J1902.7-3246 ,285.6962,-32.7735,0.10628338,0.0854466
4FGL J1903.5-0825 ,285.8792,-8.419,0.14979169,0.2627901
4FGL J1904.0-5925 ,286.0126,-59.4314,0.08451539,0.09329009
4FGL J1904.6-2713 ,286.1641,-27.2235,0.13579406,0.09881982
4FGL J1904.7-0708 ,286.1935,-7.1373,0.042138547,0.037169784
4FGL J1905.2-5120 ,286.3224,-51.3477,0.06456251,0.058741238
4FGL J1905.8+4942 ,286.472,49.7106,0.11361434,0.110270895
4FGL J1906.0-1718 ,286.5186,-17.3153,0.07705765,0.058156174
4FGL J1906.1+1651 ,286.5408,16.8648,0.050237227,0.043871988
4FGL J1906.4-2001 ,286.6101,-20.0201,0.09726889,0.09766584
4FGL J1906.4-1757 ,286.6107,-17.9509,0.051625274,0.05307082
4FGL J1906.9+0712 ,286.7473,7.2165,0.02131239,0.021413827
4FGL J1907.7-4037 ,286.9427,-40.6249,0.14942092,0.19988395
4FGL J1908.7+0812 ,287.1846,8.2044,0.05220981,0.050037753
4FGL J1908.8-0131 ,287.2116,-1.5309,0.029463693,0.02914088
4FGL J1909.2+4646 ,287.3202,46.7768,0.0768364,0.07826427
4FGL J1910.1-4704 ,287.5405,-47.0703,0.17079467,0.120907515
4FGL J1910.7-5320 ,287.6989,-53.3385,0.07380069,0.08747423
4FGL J1911.4-4856 ,287.8705,-48.9464,0.090279974,0.09578611
4FGL J1912.2+3621 ,288.0732,36.3512,0.1854831,0.27819127
4FGL J1912.5+1320 ,288.1322,13.3489,0.114383444,0.13690482
4FGL J1912.7+4610 ,288.1775,46.1792,0.08672339,0.077101134
4FGL J1912.7+0957 ,288.1851,9.9541,0.056953944,0.06706735
4FGL J1913.4-1526 ,288.3515,-15.4496,0.055373047,0.052938417
4FGL J1914.6-1157 ,288.6653,-11.9516,0.068852365,0.07540339
4FGL J1914.7+1012 ,288.6801,10.2148,0.085841574,0.10547704
4FGL J1915.3+1149 ,288.8357,11.8178,0.07694273,0.08864032
4FGL J1916.8-3025 ,289.2237,-30.4246,0.029965743,0.030266723
4FGL J1917.6-3204 ,289.4205,-32.0711,0.08321182,0.07471543
4FGL J1919.1+2354 ,289.7812,23.9027,0.07903448,0.09151673
4FGL J1919.4+1313 ,289.8727,13.2284,0.13557447,0.10718589
4FGL J1920.0-2622 ,290.023,-26.3775,0.06759554,0.0643396
4FGL J1920.7+1334 ,290.1865,13.5699,0.10353827,0.115476176
4FGL J1921.1+1930 ,290.2928,19.5117,0.07931952,0.06351272
4FGL J1922.4+1453 ,290.6224,14.8899,0.06724152,0.08564333
4FGL J1922.5-5233 ,290.6389,-52.558,0.1243449,0.11170912
4FGL J1922.7+1428 ,290.699,14.4726,0.037458006,0.047153983
4FGL J1924.3+1601 ,291.0928,16.03,0.06212853,0.06798563
4FGL J1924.8-1035 ,291.2053,-10.5909,0.03669905,0.039608464
4FGL J1925.3+1522 ,291.3344,15.3701,0.06740202,0.09009851
4FGL J1925.4+1616 ,291.3612,16.2758,0.030013522,0.040089883
4FGL J1926.4+1602 ,291.6245,16.0381,0.04314795,0.047633022
4FGL J1927.4+0251 ,291.8722,2.8531,0.08127175,0.1012588
4FGL J1929.0+1729 ,292.2559,17.4903,0.07258978,0.053597998
4FGL J1930.3+0911 ,292.5854,9.1975,0.101494,0.07940767
4FGL J1931.1+1656 ,292.7847,16.944,0.041298777,0.039401278
4FGL J1933.4-2711 ,293.3652,-27.199,0.32046333,0.267331
4FGL J1933.9-1025 ,293.4861,-10.4206,0.051300447,0.043118726
4FGL J1934.2-1446 ,293.5555,-14.7787,0.12341661,0.113667384
4FGL J1934.2+1036 ,293.5673,10.6005,0.15749022,0.1062862
4FGL J1935.0-0553 ,293.7592,-5.8993,0.091226764,0.086052366
4FGL J1936.6+1921 ,294.1625,19.3538,0.09498674,0.107267566
4FGL J1937.1-0444 ,294.2848,-4.7446,0.0915423,0.07212232
4FGL J1939.7-1242 ,294.9354,-12.7126,0.12194005,0.17273082
4FGL J1940.2-2511 ,295.0557,-25.1866,0.06645583,0.0812684
4FGL J1943.9+2841 ,295.9803,28.6957,0.10180303,0.17837927
4FGL J1944.8+4301 ,296.2001,43.028,0.0446199,0.045480385
4FGL J1946.5-1527 ,296.6281,-15.4654,0.07150086,0.08033659
4FGL J1947.0+0031 ,296.7562,0.5204,0.064084865,0.05911971
4FGL J1947.1+1729 ,296.7752,17.4867,0.068954125,0.06804543
4FGL J1947.6-1121 ,296.9161,-11.3652,0.050602905,0.0557067
4FGL J1948.0-2845 ,297.0196,-28.753,0.12571147,0.12420187
4FGL J1948.3+1207 ,297.0993,12.1167,0.12050923,0.12259376
4FGL J1948.9+3414 ,297.2262,34.2396,0.12289918,0.08990115
4FGL J1949.2-1453 ,297.3162,-14.8983,0.06405849,0.06351977
4FGL J1950.6+2416 ,297.6602,24.2809,0.123598106,0.0978313
4FGL J1950.6+3456 ,297.6642,34.9434,0.0408558,0.03884655
4FGL J1950.8+1211 ,297.7222,12.1995,0.06664374,0.058478568
4FGL J1951.0+2523 ,297.7688,25.394,0.093368694,0.09151997
4FGL J1951.3-8015 ,297.8377,-80.2562,0.10013591,0.11177231
4FGL J1951.6+2621 ,297.9142,26.3536,0.10208688,0.08541266
4FGL J1953.5+3841 ,298.3849,38.6881,0.06398942,0.057394713
4FGL J1954.5+2420 ,298.6475,24.3499,0.088656075,0.12995192
4FGL J1954.8+2543 ,298.7199,25.7178,0.12815236,0.18412924
4FGL J1955.3-5032 ,298.8332,-50.5397,0.06324338,0.09216531
4FGL J1955.9+1155 ,298.9884,11.9331,0.0983478,0.093910135
4FGL J1956.1+0234 ,299.0385,2.572,0.24561426,0.15867786
4FGL J1956.6-7011 ,299.1511,-70.1852,0.07146858,0.081878036
4FGL J1957.6+1230 ,299.4014,12.5112,0.064673856,0.06451157
4FGL J1959.3-6121 ,299.8335,-61.3543,0.05413695,0.056669485
4FGL J1959.9+1833 ,299.99,18.5591,0.10530989,0.13428298
4FGL J2001.5-0958 ,300.3974,-9.9818,0.09680377,0.08333397
4FGL J2005.8+3357 ,301.474,33.9561,0.0535637,0.04933944
4FGL J2006.0-6538 ,301.5127,-65.6396,0.04024841,0.040879656
4FGL J2006.4-0354 ,301.6198,-3.9147,0.074788064,0.062014405
4FGL J2007.2-1433 ,301.8076,-14.5594,0.14411354,0.14548852
4FGL J2007.2-3157 ,301.8093,-31.955,0.057620324,0.05659629
4FGL J2007.9+2511 ,301.9926,25.1936,0.05431544,0.06057065
4FGL J2008.4+1619 ,302.1098,16.3215,0.05325294,0.05964298
4FGL J2009.9-2116 ,302.4763,-21.277,0.068876445,0.065062866
4FGL J2012.1-5234 ,303.0386,-52.57,0.04996561,0.042978227
4FGL J2013.9-8717 ,303.4814,-87.2848,0.05347028,0.052698582
4FGL J2017.3+3525 ,304.3492,35.4226,0.043351788,0.048887145
4FGL J2018.3+7902 ,304.5773,79.0384,0.09060441,0.092887804
4FGL J2019.6+0616 ,304.9004,6.2714,0.07714478,0.081630774
4FGL J2021.9+3609 ,305.4863,36.1577,0.04614638,0.048723426
4FGL J2023.3-1947 ,305.84,-19.785,0.10594131,0.11195062
4FGL J2024.7-2328 ,306.1831,-23.4779,0.061658412,0.06299239
4FGL J2025.3-2231 ,306.3278,-22.5213,0.04865841,0.053129084
4FGL J2026.0+4718 ,306.5041,47.3051,0.10872156,0.10045329
4FGL J2026.3+1431 ,306.5988,14.5225,0.054205067,0.05529504
4FGL J2026.6+3449 ,306.6528,34.8291,0.034154903,0.038514964
4FGL J2027.0+2811 ,306.7664,28.1899,0.050664123,0.047073532
4FGL J2029.4+1013 ,307.3554,10.2209,0.16744469,0.15370713
4FGL J2029.5-4237 ,307.3765,-42.6285,0.10339989,0.10043862
4FGL J2030.3-5038 ,307.5901,-50.6344,0.043606374,0.040401295
4FGL J2030.5+2235 ,307.6351,22.5945,0.039329756,0.038091607
4FGL J2030.9-1621 ,307.7358,-16.3649,0.050874624,0.04625357
4FGL J2034.9-0450 ,308.7473,-4.8451,0.06626715,0.061685953
4FGL J2035.0+3632 ,308.7571,36.5371,0.023750369,0.023262417
4FGL J2035.3+0557 ,308.8254,5.9655,0.07491063,0.07170898
4FGL J2036.2-0207 ,309.0628,-2.133,0.07763408,0.09121317
4FGL J2036.3+5642 ,309.0955,56.7149,0.11364001,0.17204809
4FGL J2037.0-2826 ,309.2524,-28.4383,0.08357774,0.083524674
4FGL J2038.4+4212 ,309.6248,42.2085,0.053846378,0.058583513
4FGL J2039.4-3616 ,309.8557,-36.2714,0.06080434,0.065996006
4FGL J2039.5-5617 ,309.8974,-56.2836,0.020961778,0.021840876
4FGL J2040.1-3137 ,310.0312,-31.6243,0.15316382,0.1426697
4FGL J2040.4+0312 ,310.1096,3.2082,0.11516187,0.12512149
4FGL J2041.1-6138 ,310.287,-61.6358,0.061112493,0.07008611
4FGL J2041.1+4736 ,310.2956,47.6029,0.022936966,0.024222832
4FGL J2042.1-5320 ,310.5362,-53.3361,0.07812496,0.12972483
4FGL J2042.6+1629 ,310.6679,16.4944,0.056938637,0.04504877
4FGL J2042.7+1519 ,310.6957,15.3292,0.044634223,0.043271653
4FGL J2043.9+2051 ,310.9796,20.853,0.09837734,0.09944044
4FGL J2043.9-4802 ,310.9815,-48.0398,0.040399883,0.03690013
4FGL J2045.6+2455 ,311.4122,24.9231,0.07126537,0.09277229
4FGL J2045.9-6835 ,311.488,-68.5951,0.05078768,0.04531382
4FGL J2046.1-1626 ,311.549,-16.4431,0.07160149,0.06725531
4FGL J2046.9-5409 ,311.7264,-54.1664,0.054054204,0.06137257
4FGL J2047.5+4356 ,311.8832,43.9424,0.22017872,0.37944922
4FGL J2048.4-2517 ,312.1049,-25.2923,0.09937602,0.12133777
4FGL J2050.0+4114 ,312.5029,41.2403,0.07252528,0.09206657
4FGL J2050.4-3015 ,312.6069,-30.2546,0.16080187,0.10773353
4FGL J2052.1+5539 ,313.0493,55.6611,0.061753765,0.065367594
4FGL J2052.3+4437 ,313.082,44.6333,0.22163925,0.2421055
4FGL J2052.3+1636 ,313.0938,16.6054,0.18837434,0.14751683
4FGL J2052.8+5739 ,313.2198,57.6575,0.10861703,0.08817593
4FGL J2054.0+7024 ,313.5095,70.4001,0.056563623,0.0695483
4FGL J2054.1-4054 ,313.5355,-40.9049,0.17636362,0.1554413
4FGL J2054.2+6904 ,313.5671,69.0769,0.050997335,0.0476952
4FGL J2056.4-5922 ,314.1242,-59.3678,0.06879008,0.07243844
4FGL J2058.0+3338 ,314.517,33.638,0.08930034,0.08103147
4FGL J2058.5-1833 ,314.6488,-18.5648,0.057362266,0.051003736
4FGL J2100.0+1445 ,315.0149,14.7645,0.07030495,0.07270237
4FGL J2100.0-4356 ,315.0196,-43.9445,0.07228501,0.07962292
4FGL J2101.8+5044 ,315.4654,50.7424,0.103440896,0.0901882
4FGL J2103.0+0342 ,315.7647,3.7128,0.107321054,0.095320545
4FGL J2103.2-2114 ,315.8167,-21.2419,0.06997046,0.062844545
4FGL J2104.0+4623 ,316.0058,46.3836,0.075913236,0.08541008
4FGL J2104.4+2116 ,316.1226,21.2831,0.035137936,0.030675324
4FGL J2105.9+7508 ,316.4812,75.1444,0.03735407,0.04285293
4FGL J2107.7+3529 ,316.9428,35.4885,0.6253756,0.35407588
4FGL J2108.0+5155 ,317.0167,51.9276,0.053716063,0.06324299
4FGL J2109.6+3954 ,317.414,39.9103,0.031299546,0.02970048
4FGL J2110.3+0404 ,317.5944,4.0826,0.06352558,0.05199108
4FGL J2112.5-3043 ,318.14,-30.7293,0.01760017,0.017799832
4FGL J2114.3+5023 ,318.5896,50.3993,0.043361988,0.04842838
4FGL J2114.9-3326 ,318.7303,-33.4353,0.044609535,0.045790713
4FGL J2115.2+1218 ,318.8169,12.3027,0.03104217,0.03357773
4FGL J2116.2+3701 ,319.0594,37.0257,0.07002574,0.07080004
4FGL J2117.0+1344 ,319.2575,13.7449,0.07262477,0.0672825
4FGL J2117.1-5307 ,319.2768,-53.1258,0.04123646,0.042564712
4FGL J2117.9+3729 ,319.4922,37.4842,0.04924806,0.054075122
4FGL J2118.3+4055 ,319.5888,40.9235,0.041582298,0.06414673
4FGL J2120.0+5257 ,320.0168,52.95,0.10020206,0.078863405
4FGL J2121.8-3412 ,320.4742,-34.2033,0.06345606,0.08019805
4FGL J2125.6+0458 ,321.4071,4.9783,0.09463614,0.1822619
4FGL J2129.9+5833e,322.484,58.558,,
4FGL J2130.8+2649 ,322.7148,26.8332,0.14010383,0.15025201
4FGL J2131.4-1124 ,322.8524,-11.4137,0.16208945,0.13999286
4FGL J2133.1-6432 ,323.2951,-64.5383,0.04023034,0.042061027
4FGL J2137.4-3209 ,324.3641,-32.1552,0.05339966,0.050427344
4FGL J2141.4+2947 ,325.3724,29.7845,0.105079494,0.07724196
4FGL J2141.4+0733 ,325.3746,7.5657,0.21352136,0.26676375
4FGL J2142.5-2029 ,325.6425,-20.4965,0.050975204,0.04795558
4FGL J2143.4+6608 ,325.8546,66.1368,0.04618247,0.049940266
4FGL J2144.2+7709 ,326.0736,77.1549,0.07223522,0.054220233
4FGL J2151.2-4034 ,327.8192,-40.5707,0.071187325,0.079472356
4FGL J2152.0+4718 ,328.0106,47.3067,0.08971776,0.086257555
4FGL J2155.3+6602 ,328.8341,66.0359,0.13630448,0.1543349
4FGL J2159.6-4620 ,329.9124,-46.3338,0.030799339,0.029500697
4FGL J2201.0-6928 ,330.257,-69.4739,0.052021347,0.04469172
4FGL J2205.8-8254 ,331.4511,-82.9071,0.50158626,0.29089552
4FGL J2207.1+2222 ,331.7912,22.3742,0.05068299,0.041720677
4FGL J2208.2+0350 ,332.0597,3.8348,0.06612409,0.06998354
4FGL J2208.4+6443e,332.113,64.724,,
4FGL J2209.2+3710 ,332.3052,37.1791,0.3347542,0.40015578
4FGL J2212.4+0708 ,333.1083,7.1428,0.0491177,0.049682513
4FGL J2215.4+0544 ,333.8627,5.748,0.076610714,0.078458905
4FGL J2215.4+6105 ,333.8724,61.0863,0.0957652,0.12375396
4FGL J2218.8+4736 ,334.7239,47.6008,0.055746555,0.063812636
4FGL J2219.7-6837 ,334.9469,-68.6173,0.040499754,0.038000267
4FGL J2220.8+6319 ,335.2239,63.3185,0.07286363,0.0617883
4FGL J2222.9+1507 ,335.7305,15.1258,0.073685296,0.06895418
4FGL J2225.8-0804 ,336.4707,-8.0791,0.055487014,0.06017368
4FGL J2226.5+6901 ,336.6294,69.0208,0.035955556,0.039048918
4FGL J2227.1+6455 ,336.7838,64.9243,0.16628516,0.12260044
4FGL J2228.5+2211 ,337.1455,22.1914,0.07792055,0.08452597
4FGL J2233.3+6530 ,338.3495,65.5082,0.0992471,0.10081085
4FGL J2234.2-4156 ,338.5676,-41.9411,0.043458983,0.04216488
4FGL J2235.3+1818 ,338.8356,18.311,0.10694475,0.07593143
4FGL J2236.9+1839 ,339.2484,18.6663,0.05451698,0.051203027
4FGL J2237.2-6726 ,339.3043,-67.4368,0.07015553,0.06561632
4FGL J2237.6-5126 ,339.4143,-51.4347,0.16294126,0.15046783
4FGL J2240.3-5241 ,340.0858,-52.6862,0.024996305,0.023803884
4FGL J2241.2+4303 ,340.3005,43.0583,0.11889634,0.116605796
4FGL J2241.4-8327 ,340.3568,-83.4612,0.04974619,0.054888222
4FGL J2244.6+2502 ,341.1651,25.0395,0.055904146,0.052953716
4FGL J2247.7-5857 ,341.9311,-58.9565,0.10913557,0.11571038
4FGL J2249.4+6222 ,342.3511,62.3809,0.12831374,0.114034146
4FGL J2249.9+0452 ,342.4849,4.8692,0.085497685,0.07785728
4FGL J2250.5+3305 ,342.6404,33.0989,0.0691053,0.0688005
4FGL J2250.6+5809 ,342.6514,58.1511,0.089934506,0.09953033
4FGL J2255.4-3252 ,343.8748,-32.8793,0.15102749,0.12924553
4FGL J2300.8-0736 ,345.2084,-7.614,0.043364152,0.04193711
4FGL J2303.9+5554 ,345.9964,55.9139,0.057418536,0.062115714
4FGL J2304.0+5406e,346.009,54.106,,
4FGL J2311.6-4427 ,347.9247,-44.4574,0.09762969,0.11663745
4FGL J2312.4+8253 ,348.1003,82.8924,0.14807393,0.18437634
4FGL J2316.7-3144 ,349.1949,-31.749,0.18063618,0.18625286
4FGL J2316.8-2518 ,349.2202,-25.3126,0.11938969,0.090981066
4FGL J2317.7+2839 ,349.4377,28.6589,0.04558373,0.037982814
4FGL J2317.8+6140 ,349.4603,61.6822,0.09882796,0.09262234
4FGL J2318.5-3827 ,349.6329,-38.4561,0.122235574,0.09110844
4FGL J2319.6-0456 ,349.9028,-4.9452,0.059821036,0.06537541
4FGL J2320.2+0707 ,350.0732,7.1289,0.05295906,0.046008896
4FGL J2321.4+5111 ,350.3654,51.1945,0.03257886,0.035527844
4FGL J2321.9-4842 ,350.4963,-48.7082,0.09811682,0.09521034
4FGL J2323.1+2040 ,350.7911,20.6768,0.07989189,0.0795729
4FGL J2323.9+2519 ,350.9781,25.3322,0.0841898,0.077973895
4FGL J2324.6+3115 ,351.17,31.2573,0.22690351,0.18261997
4FGL J2325.2-2010 ,351.3075,-20.1746,0.057523448,0.051920064
4FGL J2326.5+8555 ,351.6379,85.9233,0.42237982,0.3839926
4FGL J2326.9-4130 ,351.7374,-41.5089,0.115740456,0.1058701
4FGL J2327.3+4717 ,351.8282,47.2885,0.10985141,0.106182314
4FGL J2327.5-3259 ,351.8825,-32.9869,0.12300956,0.113810815
4FGL J2330.2+7759 ,352.5682,77.9947,0.058568016,0.08224986
4FGL J2330.3-2948 ,352.5806,-29.8072,0.070746146,0.10031706
4FGL J2330.5-2445 ,352.6484,-24.7543,0.23184416,0.17842305
4FGL J2331.6+4430 ,352.9013,44.5138,0.05138148,0.05029955
4FGL J2333.1-5527 ,353.286,-55.4638,0.040400382,0.042510457
4FGL J2336.2-0715 ,354.0673,-7.2647,0.12077194,0.121538565
4FGL J2336.9-8427 ,354.2359,-84.4618,0.04497818,0.045888603
4FGL J2337.7-2903 ,354.4308,-29.0635,0.11180189,0.12293326
4FGL J2339.4+3008 ,354.852,30.1407,0.07902626,0.055275947
4FGL J2342.4-4739 ,355.6078,-47.6649,0.063573994,0.06404083
4FGL J2343.0-4756 ,355.7692,-47.9477,0.062494867,0.07157403
4FGL J2347.9-5106 ,356.9985,-51.1139,0.060973283,0.052230824
4FGL J2351.4-2818 ,357.8686,-28.3116,0.10660139,0.15419903
4FGL J2353.2+3135 ,358.3215,31.5927,0.065119855,0.06528412
4FGL J2353.5+6646 ,358.3926,66.7697,0.05634827,0.059154056
4FGL J2355.2-5247 ,358.806,-52.7932,0.063717075,0.06558342
4FGL J2355.5-6614 ,358.8908,-66.2345,0.061545383,0.06166252
4FGL J2357.8+6839 ,359.4745,68.6617,0.077689335,0.08874756
4FGL J2359.1+1719 ,359.7756,17.3225,0.05108196,0.05384017
4FGL J2359.3+1444 ,359.839,14.7498,0.21021904,0.15966761
